Code,Iceland,year,ChanNum,EPIADN,EPIADNB,EPITUR,EPITGRND,EPISOR,RHOGIB,SML1_5,ACHSML,SMLOVL,ACHPLN,CALLKE,Cen Med,CENSML,CENLRG,COCSP,CYBLRG,DIAMES,DIPLON,ENCSML,EUNSPP,FRAChL,FRACHS,FRADMD,FRALNG,FRAVAU,FRAPCH,FRUSTU,HYGRSP,UNKNWD,GOMSTR,GOMwav,GOMTUM,GOMHER,GOMSP82,GomphSP2,HANNEA,MELOSI,MERIDO,NAVSP1,NAVSP2,NAVPCH,NavCav,NAVBIG,NITZSK1,NITZTN2,NITPAL,NIT086,Nit Amph,NITINC,NITMID,NITSO3,NITSP2,NITSP4,PLASP1,PLA072,PLA073,ULNULN,STRSIR,TABSPP,UNKBMY,DINOFLF,COSMAR,MOUGEO,MOUGSK,SQUBX,OEDOG,UNKWDE,FATULO,GRNUK1,GRNFLG,GRNBLL,GRNBALL1,GRNC4c,TINYGR,TRIBSp2,NTQUTG,CRYPTO,AnaLike,ANAB,NOSPRU,NOSSPO,NOSAMP,NOSCOI,ANADOU,ANSTR,CYLINDRO,CALOSP1,CALGAM,TOLYSP,NODULA,lynglink,LINKSAU,OSCSP1,OSCMED,TinyS,CROCOC
A50,Iceland,2015,1,0,0,0,0,0,0,1.008645533,0,0,0,0,0,0,0,0,0,50.14409222,0,1.296829971,0,0,0,0,0,0,0,0,,0,0,0,0,0,0,0,26.80115274,0,6.340057637,0,0,0,0,0,1.585014409,1.296829971,0,0,0,0,0,0,0,0,0,0,0,2.017291066,0,0,0.576368876,0,0,0,0,0,0,5.187319885,2.017291066,0.432276657,0,0.288184438,0.144092219,0,0.432276657,0,0,0,0,0,0,0,0,0,0,0.432276657,0,0,0,0,0,0,0,0,0,0,0
B0,Iceland,2015,2,0,0,0,0,0,0,0,0,0,0,0,0,0,0,0,0,0,0,0,0,30,0,0,20,0,0,0,,0,0,0,0,0,0,0,40,0,10,0,0,0,0,0,0,0,0,0,0,0,0,0,0,0,0,0,0,0,0,0,0,0,0,0,0,0,0,0,0,0,0,0,0,0,0,0,0,0,0,0,0,0,0,0,0,0,0,0,0,0,0,0,0,0,0,0,0
B150,Iceland,2015,3,0.171526587,0,2.058319039,0,0,0,0.171526587,7.032590051,0.343053173,0,0,0,0,0,0,0,22.81303602,0.343053173,1.715265866,0,0,0,1.715265866,2.058319039,1.715265866,4.974271012,0,,0,0,0,0.51457976,0,0,0,7.890222985,9.948542024,7.375643225,7.032590051,0,0,0,0,0.171526587,0.343053173,5.317324185,0,0.343053173,0,0.343053173,0,0,0.686106346,0,3.087478559,0,3.087478559,3.602058319,0,2.744425386,0,0,0,0,0,0,0,0,0,0,0,0,0.171526587,0,0,2.229845626,0,0,0,0,0,0,0,0,0,0,0,0,0,0,0,0,0,0,0,0
C25,Iceland,2015,4,0,0,1.305057096,0,0,0,1.63132137,0,0,0,0.326264274,0,0,0,0,0,0.815660685,0,0,0,36.37846656,3.588907015,0,0,0,0,0,,0,2.120717781,1.794453507,0,0,0,0,6.362153344,12.39804241,13.37683524,0.326264274,4.893964111,0,0,0,0.652528548,0,0,0,0,0,0,0,0,0,1.794453507,0,0,3.752039152,0,0,0.978792822,0,0,0,0,0,0,0,6.525285481,0,0,0,0,0,0,0,0.652528548,0,0.326264274,0,0,0,0,0,0,0,0,0,0,0,0,0,0,0,0,0,0
C50,Iceland,2015,5,0,0,0.939849624,0,0,2.819548872,5.07518797,0,0,0,0,0,0,0,0,0,0,0,0,0,0,0,0,0,0,0,0,,0,0,0,0,0,0,0,1.503759398,36.46616541,3.007518797,0,0,0,0,0,0,0,1.691729323,0,0,0,0,0,0,0,0,0,0,20.67669173,0,0,0,0,0,0,0,0,0,0,0,0,0,0,0,0,1.691729323,0,0.563909774,0,0,0,0,23.68421053,0,0,0,0,0,1.879699248,0,0,0,0,0,0,0,0,0
E0,Iceland,2015,6,0,0,0.3712601,0,0,0.851714348,0,0,0,0,0,0,0,0,0,0,0,0,0,0,0,0,0,0,0,0,0,,0,0,0,0,0,0,0,0,0,0,0,0,0,0,0,0,0,0,0,0,0,0,0,0,0,0,0,0,0,0,0,0,0,0,0,0,0,0,0,0,0,0,0,0,0,0,0,0,0,0,0,0,98.6678314,0,0,0,0,0,0.109194147,0,0,0,0,0,0,0,0,0
A200,Iceland,2015,7,0,0,0,0,0,0,0,1.549463647,0,0,0,0,0,0,0,0,39.92848629,0,0,0,0,0,1.191895113,6.3170441,0.119189511,0.238379023,0,,0,0,0,0,0,0,0,17.04410012,0,18.35518474,0.238379023,0,0,0,0,0,0,0,0,0,0,0,0,0,0,0.357568534,0.238379023,0,0.119189511,0,0,0,0,0,0,0,0,0,0,13.7067938,0,0,0,0,0,0,0,0.357568534,0,0.238379023,0,0,0,0,0,0,0,0,0,0,0,0,0,0,0,0,0,0
A0,Iceland,2015,8,0,0,0,0,0,0,0,0,1.851851852,0,0,0,0,0,0,0,0,0,0,0,5.555555556,0,0,0,0,0,0,,0,0,0,0,0,0,0,11.11111111,0,22.22222222,0,0,0,0,0,0,0,0,0,0,0,0,0,0,0,0,0,0,59.25925926,0,0,0,0,0,0,0,0,0,0,0,0,0,0,0,0,0,0,0,0,0,0,0,0,0,0,0,0,0,0,0,0,0,0,0,0,0,0,0
D150,Iceland,2015,9,0,0,0,0,0,0,0.093984962,0.469924812,0.093984962,0,0,0,0,0,0,0,0.093984962,0,0,0,9.116541353,0,0.187969925,0.187969925,0.657894737,0.093984962,0,,0,1.033834586,0,0,0,0.093984962,0,0,77.16165414,0,0,0,0,0,0,0,0,9.116541353,0.37593985,0.093984962,0.281954887,0,0,0,0,0,0.187969925,0,0.657894737,0,0,0,0,0,0,0,0,0,0,0,0,0,0,0,0,0,0,0,0,0,0,0,0,0,0,0,0,0,0,0,0,0,0,0,0,0,0,0
D0,Iceland,2015,24,1.563937443,0,0,0,0,1.287948482,0,0,0,0,0,0,0,0,0,0,0,0,0,0,0,0,0,0,0,0,0,,0,0,0,0,0,0,0,0,0,0,0,0,0,0,0,0,0,0,0,0,0,0,0,0,0,0,0,0,0,0,0,0,0,0,0,0,0,0,0,0,0,0,0,0,0,0,0,0,0,0,0,0,97.14811408,0,0,0,0,0,0,0,0,0,0,0,0,0,0,0
E50,Iceland,2015,10,0,0,0,0,0,0,0,0.130208333,0.130208333,0,0,0,0,0,0,0,0.130208333,0,0,0,0,0,0,0,0.520833333,0,0,,0,0,0,0,0,0.260416667,1.171875,0,13.671875,0.130208333,0,0,0,0,0,0,0,3.645833333,0.260416667,0,0,0,0,0,0,0,0,0,8.072916667,0.130208333,0,0,0,0,0,0,70.18229167,0,0,0,0,0.260416667,0,0,0,0,0,0,0,0,0,0,0.651041667,0,0,0,0,0,0,0,0,0,0,0.651041667,0,0,0,0
B200,Iceland,2015,11,0,0,0,0,0,0,0.220750552,1.434878587,0,0,0,0,0,0,0,0,22.51655629,0,0.662251656,0,0,0.772626932,2.207505519,1.324503311,0.55187638,6.843267108,0,,0.220750552,0.55187638,0,0,0,0,0,17.8807947,0.441501104,2.207505519,5.739514349,0,0.110375276,0,0.883002208,0,0,0,0.110375276,0,0.220750552,0,0,0,0,0,0.220750552,0,5.849889625,0,0,0,0,0,0.883002208,0.441501104,0,0,0,16.66666667,0,0,0,0,0,0,0,6.291390728,0.110375276,0,0,0,0,0,0,0,0.220750552,0,0,0,0,0,4.415011038,0,0,0,0,0
C100,Iceland,2015,12,0,0,1.608910891,0,0,0,0.495049505,2.475247525,0,0,0,0,0,0,0,0,1.237623762,0,0,0,1.732673267,2.599009901,1.113861386,1.485148515,0.742574257,1.856435644,0,,0,0,0,0,0,0,0,3.094059406,64.23267327,8.044554455,0,0,0,0,0,0,0,0.866336634,0.99009901,0,0,0,0.371287129,0,0,0,1.98019802,0.123762376,3.341584158,0,0,0,0,0,0,0,0,0,0,0,0,0,0.247524752,0,0,0,0,0,0,0,0,0,0,0.99009901,0,0,0,0,0,0.371287129,0,0,0,0,0,0,0,0
E100,Iceland,2015,13,0,0,0,0,0,0.095147479,0,3.235014272,0,0,0,0,0,0,0,0,0,0,0,0,0,0,0,0,0.190294957,0,2.568981922,,0,0,0,0,0,2.568981922,0,0.285442436,31.96955281,0,0.095147479,0,0,0,0,0,0,14.6527117,1.3320647,0,0,0,0,0.66603235,0.190294957,0,0,0,38.62987631,0,0,1.236917222,0,0,0,0,0,0,0,0,0,0,0,0,0,0,0,0,0,0,0,0,0,0,0,0,0,0,0,0,0,0,1.141769743,0,0.190294957,0.951474786,0,0
C200,Iceland,2015,14,0,0,0,0,0,0,1.898734177,1.265822785,0.632911392,0,0,0,0,0,0,0,0.316455696,0,0,0,6.64556962,0,3.164556962,4.113924051,1.582278481,17.72151899,0,,0,0,0,0,0,0,0,3.164556962,36.70886076,19.30379747,0,0,0,0,0,0,0,0,0,0,0,0,0,0,0,0,0.632911392,0,0,1.265822785,0,0,0,0,0,0,0,0,0,0,0,0.316455696,0,0,0.632911392,0.632911392,0,0,0,0,0,0,0,0,0,0,0,0,0,0,0,0,0,0,0,0,0,0
A25,Iceland,2015,15,0,0,0,0,0,0,1.333333333,1.666666667,0,0,0,0,0,0,0,0,56.66666667,0,0,0.666666667,0,0,0,2.333333333,1.333333333,0,0,,0,0,0,0,0,0,0,3.666666667,0,14.33333333,0,0,0,0,4,0,0,0,0,0,0,0,0,0,0,0,0.333333333,0,4.666666667,0,0,0,0,0,0,0,0,0,4,0,0,0,0,0,1.666666667,0,0,0,0,0,0,0,0,0,0,3.333333333,0,0,0,0,0,0,0,0,0,0,0,0
E25,Iceland,2015,16,0,0,0,0,0,5.342237062,0,1.502504174,0,0,0,0,0,0,0,0,0,0,0.166944908,0,0,0,0,0,0,0,0,,0,0,0,0,0,0.166944908,0,0.834724541,61.10183639,0,0,0,0.333889816,0,0,0,0,0,1.669449082,0,0,0,0,0,0,0,0,0,22.20367279,0.166944908,3.005008347,0,0.333889816,0,0,0.500834725,0,0,0,0,0,0,0,0,0,0,0,0,0,0.333889816,0.834724541,0,0.834724541,0,0,0,0,0,0,0.667779633,0,0,0,0,0,0,0,0
B50,Iceland,2015,17,0,0,0,0,0,0,0,0,0,0,0,0,0,0,0,0,0,0,0,0,44.44444444,0,0,0,0,0,0,,0,0,0,0,0,0,0,33.33333333,0,22.22222222,0,0,0,0,0,0,0,0,0,0,0,0,0,0,0,0,0,0,0,0,0,0,0,0,0,0,0,0,0,0,0,0,0,0,0,0,0,0,0,0,0,0,0,0,0,0,0,0,0,0,0,0,0,0,0,0,0,0
B25,Iceland,2015,18,0,0,0,0,0,0,0,0,0,0,0,0,0,0,0,0,0,0,0,0,0,0,0,0,0,0,0,,0,0,0,0,0,0,0,0,3.115727003,0,0,0,0,0,0,0,0,0,0,0,0,0,0,0,0,0,0,0,2.818991098,0,0,0,0,0,0,0,0,0,0,0,0,0,0,0,0,0,0,0,0,0,0,0,35.75667656,1.928783383,0,0,56.37982196,0,0,0,0,0,0,0,0,0,0,0
D50,Iceland,2015,19,0.617283951,0,0,0,0,0,0,3.806584362,0.308641975,0,0,0,0,0,0,0,0,0,0,0,5.761316872,0.205761317,1.543209877,0.308641975,0.308641975,0.411522634,0,,0,5.452674897,0,0,0,0,0.102880658,0,45.0617284,3.189300412,0,0,0.925925926,0.925925926,0,0,0,1.234567901,0,0,0,0,0,0,1.234567901,0,0.308641975,0,25.30864198,0,0,0,0,0,0,0,0,0,0,0,0,0,0,1.851851852,0,0,0,0,0,0,0,0,0,0,0,0,0,0,1.131687243,0,0,0,0,0,0,0,0,0
C0,Iceland,2015,20,14.42307692,0,0,0,4.807692308,0,0,0,0,0,0,0,0,0,0,0,1.923076923,0,0,0,14.42307692,0,0,0,0,0,0,,0,0,0,0,0,0,0,2.884615385,17.30769231,1.923076923,0,0,0,0,0,0,0,0,0,0,0,0,0,0,0,0,0,1.923076923,11.53846154,0,0,0,0,0,0,0,0,0,0,0,0,0,0,0,0,0,0,0,0,0,0,0,0,0,0,0,28.84615385,0,0,0,0,0,0,0,0,0,0,0
E200,Iceland,2015,21,0,0,0,0,0,0,0,2.638522427,0,0,0,0,0,0,0,0,0.263852243,0,0,0,0,0,0.615655233,0.615655233,0.175901495,0,0,,0,0.175901495,0,0,0,6.068601583,0.879507476,0.35180299,33.24538259,0.087950748,0,0.527704485,0,0,0,0,0,20.22867194,0.527704485,0,0.175901495,0,0,0,0,0,0,0,33.42128408,0,0,0,0,0,0,0,0,0,0,0,0,0,0,0,0,0,0,0,0,0,0,0,0,0,0,0,0,0,0,0,0,0,0,0,0,0,0,0
A150,Iceland,2015,22,0,0,0,0,0,0,0,0.267379679,0.267379679,0,0,0,0,0,0,0,36.36363636,0,0,0,6.14973262,1.604278075,0,1.069518717,1.871657754,1.069518717,0,,0,0,0,0,0,0,0,6.684491979,0,37.43315508,1.871657754,0,0,0,0,0,0.534759358,0.534759358,0,0,0,0,0,0,0,0.534759358,1.069518717,0,2.406417112,0.267379679,0,0,0,0,0,0,0,0,0,0,0,0,0,0,0,0,0,0,0,0,0,0,0,0,0,0,0,0,0,0,0,0,0,0,0,0,0,0
D100,Iceland,2015,23,0,0,0,0,0,1.134751773,0.283687943,0,0,0,0,0,0,0,0,0,0.141843972,0,0,0,12.90780142,0,0.283687943,0,0,0,0,,0,0.425531915,0,0,0,0,0,0,35.31914894,0.141843972,0,0,0,0,0,0,0,2.269503546,0.283687943,0.141843972,0,0,0,0,0.283687943,0,0.141843972,0,0,0.567375887,0.567375887,0,0,0,0,0,2.553191489,0,0,0,0.141843972,0.567375887,0,0,0,0,0.709219858,0,0,0,0,0,41.13475177,0,0,0,0,0,0,0,0,0,0,0,0,0,0,0
C150,Iceland,2015,25,0,0,0,0,0,0,0,5.405405405,1.801801802,0,0,0,0,0,0,0,1.801801802,0,0,0,0,0,4.504504505,18.91891892,1.801801802,0,0,,0,0,0,0,0,0,0,9.90990991,29.72972973,1.801801802,0,0,0,0,0,0,0,2.702702703,11.71171171,0,0,0,0,0,0,0,0,0,0,0,0,0,0,0,0,0,0,0,0,0,2.702702703,3.603603604,0,0,3.603603604,0,0,0,0,0,0,0,0,0,0,0,0,0,0,0,0,0,0,0,0,0,0,0
A100,Iceland,2015,26,0,0,0,0,0,0,0,0,0,0,0,0,0,0,0,0,56.10859729,0,0.226244344,0,0,0,0,0.226244344,0,0,0,,0,0,0,0,0,0,0,11.08597285,0,12.8959276,1.131221719,0,0,0,0,0,0,0,0,0,0,0,0,0,0,0,0.904977376,0,2.036199095,0,0,0,0,0,0,0,0,0,0,4.977375566,0,0,10.40723982,0,0,0,0,0,0,0,0,0,0,0,0,0,0,0,0,0,0,0,0,0,0,0,0,0
E150,Iceland,2015,27,0,0,0.470219436,0,0,0,0,2.586206897,0.235109718,0,0,0,0,0,0,0,0,0,0,0,0,0,0.078369906,0.78369906,0.470219436,1.489028213,0,,0,0,0,0,0,4.231974922,0.470219436,0.39184953,41.77115987,1.097178683,0,0.548589342,0,0,0,0,0.39184953,2.272727273,1.567398119,0,0,0,0,0,0,0,0,0,36.52037618,0,0,0.39184953,0,0,0,0.235109718,0,0,0,0,0,0,0,0,0.39184953,0,0,0,0,0,0,0,0,0,0,0,0,0,0,0,0,0,0,0.39184953,0,3.213166144,0,0
B100,Iceland,2015,28,0,0,0,2.209944751,0,0,0,0,0,0,0,0,0,0,0,0,8.563535912,0,1.657458564,0,10.49723757,0,2.209944751,3.038674033,17.9558011,0.552486188,0,,0,0,0,0,0,0,0,6.906077348,24.58563536,7.73480663,0,0,0,0,0,0,0,0.552486188,0,0.552486188,0,0,0,0,0,0,0.828729282,0,0,4.972375691,0,0,0,0.552486188,0,0,0,0,0,0,0,0,0,0,0,0,0,6.629834254,0,0,0,0,0,0,0,0,0,0,0,0,0,0,0,0,0,0,0,0
D25,Iceland,2015,29,0.847457627,0,0,0,0,1.525423729,0,0,0,0,0,0,0,0,0,0,0,0,0,0,17.11864407,0,0,0,0,0,0,,0,0.508474576,0,0,0,0,0,0,17.45762712,0,0,0,0,0,0,0,0,0.338983051,0.847457627,0,0,0,0,0,0.508474576,0,0,0,1.355932203,0,1.694915254,0,0,0,0,0,0,0,0,0,0,0,0,0,0,0,0,0,0,0,0,0,57.79661017,0,0,0,0,0,0,0,0,0,0,0,0,0,0,0
D200,Iceland,2015,30,0,0,0,0,0,0,0.332963374,0.443951165,0,0,0,0,0,0,0,0,0.221975583,0.554938957,0,0,6.104328524,0.998890122,1.553829079,0.110987791,0.221975583,1.442841287,0,,0,0.665926748,0,0,0,0,0.110987791,0.554938957,54.82796892,4.99445061,0.110987791,0.110987791,0.221975583,0,0,0,0,20.08879023,1.775804661,0,0,0.221975583,0,0,0,0,0,0,2.885682575,0,0,0,0,0,0,0.554938957,0,0,0,0,0,0,0,0,0.887902331,0,0,0,0,0,0,0,0,0,0,0,0,0,0,0,0,0,0,0,0,0,0,0
B150,Iceland,2015,3b,0,0,0,0,0,0,0,10.71428571,0,3.571428571,0,7.142857143,3.571428571,0,0,0,3.571428571,0,7.142857143,0,0,0,0,21.42857143,0,0,0,,0,0,0,0,0,0,0,10.71428571,0,21.42857143,0,0,0,0,0,7.142857143,0,0,0,0,0,0,0,0,0,0,0,0,0,3.571428571,0,0,0,0,0,0,0,0,0,0,0,0,0,0,0,0,0,0,0,0,0,0,0,0,0,0,0,0,0,0,0,0,0,0,0,0,0,0
A50,Iceland,2016,1,0,0,0,0,0,0,0,0,0,0,0,0,0,0,0,0,0,0,0,0,0,0,0,0,0,0,0,,0,0,0,0,0,0,0,0,0,3.333333333,0,0,0,0,0,0,0,0,0,0,0,0,0,0,0,0,0,0,0,0,0,0,0,0,0,0,0,0,0,0,0,0,0,0,0,0,0,0,0,0,0,0,18.33333333,0,0,0,78.33333333,0,0,0,0,0,0,0,0,0,0,0
B0,Iceland,2016,2,0.11627907,0,0,0.271317829,0,0,0,0,0,0,0,0,0,0,0,0,0,0,0,0,0,0,0,0,0,0,0,,0,0,0,0,0,0,0,0,0,0,0,0,0,0,0,0,0,0,0,0,0,0,0,0,0,0,0,0,0,0,0,0,0,0,0,0,0,0,0,0,0,0,0,0,0,0,0,0,0,0,0,0,98.02325581,0,0,0,1.589147287,0,0,0,0,0,0,0,0,0,0,0
B150,Iceland,2016,3,0,0,0,0,0,0,0,0,0,0,0,0,0,0,0,0,0,0,0,0,0,0,0,0,0,0,0,,0,0,0,0,0,0,0,0,0,0,0,0,0,0,0,0,0,0,0,0,0,0,0,0,0,0,0,0,0,0,0,0,0,0,0,0,0,0,0,0,0,0,0,0,0,0,0,0,0,0,0,0,70.27027027,0,0,0,8.108108108,0,21.62162162,0,0,0,0,0,0,0,0,0
C25,Iceland,2016,4,32.78688525,10.92896175,17.4863388,6.557377049,0,6.557377049,0,0,0,0,0,0,0,0,0,0,0,0,0,0,0,0,0,0,0,0,0,,0,0,0,0,0,0,0,0,0,0,0,0,0,0,0,0,0,0,0,0,0,0,0,0,0,0,0,0,0,0,0,0,0,0,0,0,0,0,0,0,0,0,0,0,0,0,0,0,0,0,0,0,24.59016393,0,0,0,0,0,0,0,0,0,0,0,0,0,0,0
E0,Iceland,2016,6,6.712328767,0,0,0,0,32.87671233,0,0,0,0,0,0,0,0,0,0,0,0,0,0,0,0,0,0,0,0,0,,0,0,0,0,0,0,0,0,0,0,0,0,0,0,0,0,0,0,0,0,0,0,0,0,0,0,0,0,1.643835616,0,0,0,0,0,0,3.561643836,0,0,0,0,0,0,0,0,0,0,0,0,0,0,0,0,4.931506849,0,0,0,43.69863014,0,0,6.575342466,0,0,0,0,0,0,0,0
A200,Iceland,2016,7,0,0,0,0,0,0,0,0,0,0,0,0,0,0,0,0,0,0,0,0,0,0,0,0,0,0,0,,0,0,0,0,0,0,0,0,0,0,0,0,0,0,0,0,0,0,0,0,0,0,0,0,0,0,0,0,0,0,0,0,0,0,0,0,0,0,0,0,0,0,0,0,0,0,0,0,0,0,0,0,76.47058824,0,0,0,23.52941176,0,0,0,0,0,0,0,0,0,0,0
A0,Iceland,2016,8,0,0,0,9.836065574,0,0,0,0,0,0,0,0,0,0,0,0,0,0,0,0,0,0,0,0,0,0,0,,0,0,0,0,0,3.278688525,0,0,0,0,0,0,0,0,0,0,0,0,0,0,0,0,0,0,0,0,0,0,0,0,0,0,0,0,0,0,0,0,0,0,0,0,0,0,0,0,0,0,0,0,0,0,1.639344262,0,0,0,62.29508197,22.95081967,0,0,0,0,0,0,0,0,0,0
D150,Iceland,2016,9,4.675628288,0.233781414,0,0,0,17.59205143,0,0,0,0,0,0,0,0,0,0,0,0,0,0,0,0,0,0,0,0,0,,0,0,0,0,0,0,0,0,0,0,0,0,0,0,0,0,0,0,0,0,0,0,0,0,0,0,0,0,0.467562829,0,0,0,0,0,0,1.694915254,0,0,0,0,0,0,0,0,0,0,0,0,0,0,0,0,70.95265926,0,0,0,2.571595558,0,0.526008182,1.285797779,0,0,0,0,0,0,0,0
E50,Iceland,2016,10,0,0,0,0,0,35.85699264,0,0,0,0,0,0,0,0,0,0,0,0,0,0,0,0,0,0,0,0,0,,0,0,0,0,0,0,0,0,0,0,0,0,0,0,0,0,0,0,0,0,0,0,0,0,0,0,0,0,0,0,0,0,0,0,5.78338591,2.94426919,0,0,0,0,0,0,0,0,0,0,0,0,0,0,0,0,27.02418507,0,0,0,28.39116719,0,0,0,0,0,0,0,0,0,0,0
B200,Iceland,2016,11,0.495049505,0,0.618811881,0,0,0,0,0,0,0,0,0,0,0,0,0,0,0,0,0,0,0,0,0,0,0,0,,0,0,0,0,0,0,0,0,0,0,0,0,0,0,0,0,0,0,0,0,0,0,0,0,0,0,0,0,0,0,0,0,0,0,0,0,0,0,0,0,0,0,0,0,0,0,0,0,0,0,0,0,98.63861386,0,0,0,0.247524752,0,0,0,0,0,0,0,0,0,0,0
C100,Iceland,2016,12,33.125,3.75,16.875,0,0,18.125,0,0,0,0,0,0,0,0,0,0,0,0,0,0,0,0,0,0,0,0,0,,0,0,0,0,0,0,0,0,0,0,0,0,0,0,0,0,0,0,0,0,0,0,0,0,0,0,0,0,0,0,0,0,0,0,0,0,0,0,0,0,0,0,0,0,0,0,0,0,0,0,0,0,6.25,0,0,0,0,0,21.875,0,0,0,0,0,0,0,0,0
E100,Iceland,2016,13,0,0,0,0,0,2.940193785,0,0,0,0,0,0,0,0,0,0,0,0,0,0,0,0,0,0,0,0,0,,0,0,0,0,0,0,0,0,0,0,0,0,0,0,0,0,0,0,0,0,0,0,0,0,0,0,0,0,0,0,0,0,0,0,0.968927497,0.902104911,0,0,0,0,0,0,0,0,0,0,0,0,0,0,0,0,94.48713665,0,0,0,0,0,0.167056465,0.534580688,0,0,0,0,0,0,0,0
C200,Iceland,2016,14,51.72413793,0,0,0,0,1.724137931,0,0,0,0,0,0,0,0,0,0,0,0,0,0,0,0,0,0,0,0,0,,0,0,0,0,0,0,0,0,0,0,0,0,0,0,0,0,0,0,0,0,0,0,0,0,0,0,0,0,0,0,0,0,0,0,0,0,0,0,0,0,0,0,0,0,0,0,0,0,0,0,0,0,31.03448276,0,0,0,5.172413793,0,0,0,10.34482759,0,0,0,0,0,0,0
A25,Iceland,2016,15,3.883495146,0,0,13.59223301,0,3.883495146,0,4.854368932,0,0,0,0,0,0,0,0,0,0,0,0,0,0,0,2.912621359,0.970873786,0,0,,0,2.912621359,0,0,0,0,0,0,0,12.62135922,0,0,0,0,0,0,0,0,2.912621359,0,0,0,0,0,0,0,0,0,12.62135922,0,0,0,0,0,0,0,0,0,0,0,0,0,0,0,0,0,0,0,0,0,0,0,32.03883495,0,0,0,6.796116505,0,0,0,0,0,0,0,0,0,0,0
E25,Iceland,2016,16,0,0,0,0,0,2.685185185,0,0,0,0,0,0,0,0,0,0,0,0,0,0,0,0,0,0.092592593,0,0,0,,0,0,0,0,0,0,0,0,0,0,0,0,0,0,0,0,0,0,0,0,0,0,0,0,0,0,0,0,0,0,0,0,0,0,1.203703704,11.48148148,0,1.481481481,0,0,0,0,0,0,0,0,0,0,0,0,0,0,66.01851852,0,0,0,14.62962963,0,0,2.407407407,0,0,0,0,0,0,0,0
B50,Iceland,2016,17,0.247116969,0,0,0,0,0,0,0,0,0,0,0,0,0,0,0,0,0,0,0,0,0,0,0,0,0,0,,0,0,0,0,0,0,0,0,0,0,0,0,0,0,0,0,0,0,0,0,0,0,0,0,0,0,0,0,0,0,0,0,0,0,0,0,0,0,0,0,0,0,0,0,0,0,0,0,0,0,0,0,98.10543657,0,0,0,0.329489292,0.329489292,0,0,0,0.988467875,0,0,0,0,0,0
B25,Iceland,2016,18,17.75147929,0,0,0,0,0,0,0,0,0,0,0,0,0,0,0,0,0,0,0,0,0,0,0,0,0,0,,0,0,0,0,0,0,0,0,0,0,0,0,0,0,0,0,0,0,0,0,0,0,0,0,0,0,0,0,0,0,0,0,0,0,0,7.100591716,0,0,0,0,0,0,0,0,0,0,0,0,0,0,0,0,68.04733728,0,0,0,7.100591716,0,0,0,0,0,0,0,0,0,0,0
D50,Iceland,2016,19,0.203045685,0,0,0,0,1.252115059,0,0,0,0,0,0,0,0,0,0,0,0,0,0,0,0,0,0,0,0,0,,0,0,0,0,0,0,0,0,0,0,0,0,0,0,0,0,0,0,0,0,0,0,0,0,0,0,0,0,0,0,0,0,0,0,0,0,0,0,0,0,0,0,0,0,0,0,0,0,0,0,0,0,98.54483926,0,0,0,0,0,0,0,0,0,0,0,0,0,0,0
C0,Iceland,2016,20,0.623885918,0.178253119,0.401069519,0,0,0,0,0,0,0,0,0,0,0,0,0,0,0,0,0,0,0,0,0,0,0,0,,0,0.445632799,0,0,0,0,0,0,0,0,0,0,0,0,0,0,0,0,0,0,0,0,0,0,0,0,0,0,0,0,0,0,0,0,0,0,0,0,0,0,0,0,0,0,0,0,0,0,0,0,0,0,97.95008913,0,0,0,0.401069519,0,0,0,0,0,0,0,0,0,0,0
E200,Iceland,2016,21,0.723065799,0,0,0,0,17.93203181,0,0,0,0,0,0,0,0,0,0,0.14461316,0,0,0,0,0,0,0,0,0,0,,0,0.433839479,0,0,0,0,0,0,1.373825018,0,0,0,0,0,0,0,0,0.361532899,0,0,0,0,0,0,0,0,0,0,1.156905278,0,0,0,0,0,1.663051338,8.532176428,0,0,0,0,0,0,0,0,0,0,0,0,0,0,0,0,66.37744035,0,0,0,0.361532899,0,0,0,0,0,0,0,0,0,0,0
A150,Iceland,2016,22,0,0,0,0,0,0,0,0,0,0,0,0,0,0,0,0,0,0,0,0,0,0,0,0,0,0,0,,0,0,0,0,0,0,0,0,0,0,0,0,0,0,0,0,0,0,0,0,0,0,0,0,0,0,0,0,0,0,0,0,0,0,0,0,0,0,0,0,0,0,0,0,0,0,0,0,0,0,0,0,0,0,0,0,100,0,0,0,0,0,0,0,0,0,0,0
D100,Iceland,2016,23,28.94736842,1.691729323,3.007518797,0,0,32.33082707,0,0,0,0,0,0,0,0,0,0,0,0,0,0,0,0,0,0,0,0,0,,0,0,0,0,0,0,0,0,0,0,0,0,0,0,0,0,0,0,0,0,0,0,0,0,0,0,0,0,3.195488722,0,0,0,0,0,0,0,0,0,0,0,0,0,0,0,0,0,0,0,0,0,0,0,28.38345865,0,0,0,1.127819549,0,0.939849624,0.37593985,0,0,0,0,0,0,0,0
D0,Iceland,2016,24,8.666666667,0,0,0,0,6,0,0,0,0,0,0,0,0,0,0,0,0,0,0,0,0,0,0,0.333333333,0,0,,0,0,0,0,0,0,0,1.333333333,0,8.666666667,0,0,0,0,0,0,0,0,0.333333333,0,0,0,0,0,0,0,0,0,0,0,0,0,0,0,0,0,0,0,0,0,0,0,0,0,0,0,0,0,0,0,0,0,17.66666667,0,0,0,0,0,1.333333333,0,55.66666667,0,0,0,0,0,0,0
C150,Iceland,2016,25,0.317334391,0.793335978,0,0,0,0.198333994,0,0,0,0,0,0,0,0,0,0,0,0,0,0,0,0,0,0,0,0,0,,0,0,0,0,0,0,0,0,0,0,0,0,0,0,0,0,0,0,0,0,0,0,0,0,0,0,0,0,0,0,0,0,0,0,0,0,0,0,0,0,0,0,0,0,0,0,0,0,0,0,0,0,98.69099564,0,0,0,0,0,0,0,0,0,0,0,0,0,0,0
A100,Iceland,2016,26,0,0,72.72727273,0,0,0,0,0,0,0,0,0,0,0,0,0,0,0,0,0,0,0,0,0,0,0,0,,0,0,0,0,0,0,0,0,0,0,0,0,0,0,0,0,0,0,0,0,0,0,0,0,0,0,0,0,0,0,0,0,0,0,0,0,0,0,0,0,0,0,0,0,0,0,0,0,0,0,0,0,27.27272727,0,0,0,0,0,0,0,0,0,0,0,0,0,0,0
E150,Iceland,2016,27,0,0,0,0,0,8.379544054,0,0,0,0,0,0,0,0,0,0,0,0,0,0,0,0,0,0,0,0,0,,0,0,0,0,0,0,0,0,0,0,0.061614295,0,0,0,0,0,0,0.985828712,0,0,0,0,0,0,0,0,0,0,0.616142945,0,0,0,0,0,6.592729513,12.19963031,0,0,0,0,0,0,0,0,0,0,0,0,0,0,0,0,31.23844732,0,0,0,22.79728897,0,0.369685767,0,16.75908811,0,0,0,0,0,0,0
B100,Iceland,2016,28,0,0,0,0,0,2.416488984,0,0,0,0,0,0,0,0,0,0,0,0,0,0,0,0,0,0,0,0,0,,0,0,0,0,0,0,0,0,0,0,0,0,0,0,0,0,0,0,0,0,0,0,0,0,0,0,0,0,0,0,0,0,0,0,0,0,0,0,0,0,0,0,0,0,0,0,0,0,0,0,0,0,97.58351102,0,0,0,0,0,0,0,0,0,0,0,0,0,0,0
C50,Iceland,2016,5,11.5,0,0,0,0,5,0,0,0,0,0,0,0,0,0,0,0,0,0,0,0,0,0,0,0,0,0,,0,0,0,0,0,0,0,0,0,0,0,0,0,0,0,0,0,0,0,0,0,0,0,0,0,0,0,0,0,0,0,0,0,0,0,0,0,0,0,0,0,0,0,0,0,0,0,0,0,0,0,0,83.5,0,0,0,0,0,0,0,0,0,0,0,0,0,0,0
D25,Iceland,2016,29,0.972762646,0.972762646,0,0,0,8.560311284,0,0,0,0,0,0,0,0,0,0,0.194552529,0,0,0,0,0,0,0,0,0,0,,0,0.778210117,0,0.389105058,0,0,0,0,0,0,0,0,0,0,0,0,0,0,0,0,0,0,0,0,0,0,0,0,0,0,0,0,0,0,0,0,2.529182879,0,0,0,0,0,0,0,0,0,0,0,0,0,0,0,83.46303502,0,0,0,0,0,0,0,2.140077821,0,0,0,0,0,0,0
D200,Iceland,2016,30,1.501117854,0,0,0,0,9.262216544,0,0,0,0,0,0,0,0,0,0,0,0,0,0,0,0,0,0,0,0,0,,0,0,0,0,0,0,0,0,0,0,0,0,0,0,0,0,0,0.638773555,0,0,0,0,0,0,0,0,0,0,0,0,0,0,0,0,0,0,0,0,0,0,0,0,0,0,0,0,0,0,0,0,0,0,87.48003833,0,0,0,1.117853721,0,0,0,0,0,0,0,0,0,0,0
LN_LP,Iceland,2017,1,0,0,0,0,0,8.780487805,0,0,0,0,0,0,0,0,0,0,0,0,0,0,0,0,0,0,0,0,0,0,0,0,0,0,0,0,0,0,0,0,0,0,0,0,0,0,0,0,0,0,0,0,0,0,0,0,0,0,0,0,0,0,0,0,0,0,0,0,0,0,0,0,0,0,0,0,0,0,0,0,0,0,64.14634146,0,0,8.536585366,18.53658537,0,0,0,0,0,0,0,0,0,0,0
HN_HP,Iceland,2017,2,0,0,0,0,0,0,0,6.769825919,0.193423598,0,0,0,0,0,0,0,0,0,0,0,0.773694391,0,2.901353965,0.580270793,0.193423598,3.868471954,0,0,0,0.967117988,0,0,0,0,0,0,47.77562863,0.967117988,0,0.580270793,0,6.189555126,0,0,0,11.21856867,0.193423598,0,0,0.580270793,1.353965184,0,0,0,0.193423598,0,1.353965184,0.386847195,0,0,0,0,0,0,5.415860735,0,0,0,0,0,0,0,0,0,0,0,0,0,0,0,3.868471954,0,0,0,0,0,0,0,0,0,0,0,0,0,0,3.675048356
HN_LP,Iceland,2017,3,0,0,0,0,0,0,0,2.912621359,0,0,0,0,0,0,0,0,0,1.941747573,0,0,0,2.912621359,0,0,1.941747573,0,0,0,0,0,0,0,0,0,0,10.67961165,17.47572816,0,0,0,0,0,3.883495146,0,0,1.941747573,0,0,0,0,0,0,0,0,6.796116505,0,8.737864078,0,0,0,0,0,0,0,0,0,0,27.18446602,0,0,0,0,0,0,0,0,0,0,0,0,9.708737864,0,0,0,3.883495146,0,0,0,0,0,0,0,0,0,0,0
LN_LP,Iceland,2017,4,0,0,0,0,0,0,0,25,0,0,0,0,0,0,0,0,0,0,0,0,0,0,0,0,0,0,0,0,0,0,0,0,0,0,0,0,0,0,0,0,0,0,0,0,0,0,0,0,0,0,0,0,0,0,0,0,0,0,0,0,0,0,0,0,0,0,0,0,0,0,0,0,0,0,0,0,0,0,0,0,0,0,0,0,75,0,0,0,0,0,0,0,0,0,0,0
HN_HP,Iceland,2017,5,0.700934579,0,0,0,0,0,1.168224299,0.700934579,0,0,0,0,0,0,0,0,80.14018692,0,0,0,0,0,0.46728972,0.23364486,0.700934579,0.46728972,0,0,0,0,0,0,0,0,0,0.700934579,0,5.841121495,0,0.700934579,0,0,0,0,0,0.46728972,0,0,0,0,0,0,0,0,1.869158879,0,0,0.700934579,0,0,0,0,0,0,1.401869159,0,0,0,0,0.23364486,0,0,1.168224299,0,2.336448598,0,0,0,0,0,0,0,0,0,0,0,0,0,0,0,0,0,0,0,0,0
HN_LP,Iceland,2017,6,0,0,2.222222222,0,0,0,0.185185185,1.111111111,0.185185185,0,0,0,0,0,0,0.555555556,0,0,0.740740741,0,0,4.444444444,0,0.185185185,0,1.296296296,0,0,0,0,0,0,0,0,0,0.555555556,46.48148148,0,0,0,0,0.555555556,0,0,0,6.481481481,5.185185185,0.555555556,0.925925926,0.740740741,4.074074074,0,0,0.185185185,0.740740741,0,10.92592593,0,0,0,0,0,0,0,11.11111111,0,0,0,0,0,0,0,0,0,0,0,0,0,0,0,0,0,0,0,0,0,0.555555556,0,0,0,0,0,0,0,0,0
LN_LP,Iceland,2017,7,0,0,0,0,0,0,0,0,0,0,0,0,0,0,0,0,0,0,0,0,0,0,0,0,0,0,0,0,0,0,0,0,0,0,0,0,0,0,0,0,0,0,0,0,0,0,0,0,0,7.142857143,0,0,0,0,0,0,0,0,0,0,0,0,0,0,0,0,0,0,0,0,0,0,0,0,0,0,0,0,0,0,0,0,0,0,0,0,0,0,0,0,0,0,0,0,92.85714286,0
HN_HP,Iceland,2017,8,0,0,0,0,0,0,0,0.952380952,0.634920635,0,0,0,0,0,0,0,0,0,0.317460317,0,4.761904762,0,5.079365079,15.55555556,12.38095238,11.42857143,0.634920635,0,2.222222222,0,0,0,0,0,0,0,12.6984127,0,0,0,0,0,0,0,0,10.47619048,4.126984127,0.317460317,0,2.222222222,7.301587302,0,0,0,0,0,8.888888889,0,0,0,0,0,0,0,0,0,0,0,0,0,0,0,0,0,0,0,0,0,0,0,0,0,0,0,0,0,0,0,0,0,0,0,0,0,0,0
HN_HP,Iceland,2017,9,0,0,0,0,0,0,1.028277635,3.341902314,1.285347044,0,0,0,0,8.22622108,0.514138817,0,63.49614396,0,0.771208226,0,0,0,0,2.05655527,0,1.285347044,0,0,0.514138817,1.542416452,0,0,0,0,0,0,0.514138817,3.856041131,0,2.05655527,0.257069409,0.257069409,0,0,0,1.542416452,0,0,0,0,0,0,0,1.028277635,2.570694087,0,0,0.514138817,0,0,0,0,0,0,0,0,0,0,0,0,0,0,0,0.514138817,0,0,0,0,0,0,1.285347044,0,0,0,0,0,1.028277635,0,0,0,0,0,0,0,0.514138817,0
LN_LP,Iceland,2017,10,1.238390093,4.024767802,0,0,0,12.69349845,0,0,0,0,0,0,0,0,0,0,0,0,0,0,0,0,0,0,0,0,0,0,0,0,0,0,0,0,0,0,0,0,0,0,0,0,0,0,0,0,0,0,0,0,0,0,0,0,0,0,4.643962848,0,0,0,0,0,0,0,0,0,0,0,0,0,0,0,0,0,0,0,0,0,0,0,17.3374613,4.643962848,0,0,54.48916409,0,0.92879257,0,0,0,0,0,0,0,0,0
HN_LP,Iceland,2017,11,0,0,0,0,0,0,0.288600289,1.875901876,0.144300144,0,0,0,0,0,0,0,1.731601732,0,1.731601732,0,2.741702742,0.288600289,0.577200577,0.577200577,0.721500722,1.298701299,0,0,0,0,0,0,0,0,0,0,76.91197691,2.164502165,0,0,0,1.01010101,0,0,0,3.751803752,0.144300144,0.577200577,0,0,0,0,0,1.01010101,1.731601732,0,0,0,0,0,0,0,0,0,0,0,0,0,0,0,0,0,0,0,0.721500722,0,0,0,0,0,0,0,0,0,0,0,0,0,0,0,0,0,0,0,0,0
HN_LP,Iceland,2017,12,0,0,0,0,0,0,0,1.070663812,0.214132762,0,0,0,0.428265525,0,0,0,66.16702355,0,0,0,0,0,0,1.284796574,0.856531049,0,0,0,0,0,0,0,0,0,0,3.211991435,4.282655246,6.209850107,0,0,0,0,1.070663812,0,0,0,0,0,0,0,0,0,0,0,1.927194861,0.642398287,5.781584582,0.428265525,0,0,0,0,0,0,0,0,0,3.640256959,0,0,0,0,2.78372591,0,0,0,0,0,0,0,0,0,0,0,0,0,0,0,0,0,0,0,0,0,0,0
HN_LP,Iceland,2017,13,0,0,0,0,0,0,0,3.480278422,0,0,0,0,0,0,0,0.464037123,0,0,0,0,0.696055684,0,6.496519722,2.088167053,3.712296984,1.392111369,0,0,0,1.856148492,0,0,0,0,0,0.696055684,8.816705336,0.928074246,0,0.464037123,0,1.160092807,0,0,0,31.09048724,3.712296984,0.696055684,1.62412993,0.232018561,2.088167053,1.160092807,0.696055684,0,0.696055684,0,20.41763341,0.464037123,0,0,0,0,0,2.088167053,0,0,0,0,0,0,0,0,0,0,0,0,0,0,0,0,0,0,0,0,0,0,0.928074246,1.392111369,0,0,0,0,0,0,0,0.464037123
HN_HP,Iceland,2017,14,0,0,0,0,0,0,1.917808219,3.835616438,0,0,0,0,0.547945205,0,0,0,11.50684932,0,1.917808219,0,0,5.205479452,2.465753425,4.109589041,1.643835616,1.095890411,0,0,0,0,0,0,0,0,0,0,35.89041096,6.301369863,0,0,0,0,0,0,0,0.547945205,0,0,0,0,0,0,0.821917808,0,2.465753425,0,3.287671233,2.739726027,0,0.821917808,0,0,0,0,8.219178082,0,0,0,0,0,0,4.383561644,0,0,0,0,0,0,0,0,0,0,0,0,0,0,0,0,0,0,0,0,0,0,0,0.273972603
LN_LP,Iceland,2017,15,5.223880597,0,0,2.985074627,0,0,0,0,0,0,0,0,0,0,0,0,2.23880597,0,0,0,0,5.223880597,0,0,0,0,0,0,0,0,0,0,0,0,0,0,0,1.492537313,0,0,0,0,0,0,0,0,0,0,0,0,0,0,0,0,0,0,0,0,0,0,0,0,0,0,0,0,0,0,0,0,0,0,0,0,0,0,0,0,0,0,82.8358209,0,0,0,0,0,0,0,0,0,0,0,0,0,0,0
HN_LP,Iceland,2017,16,0,1.01010101,0,0,0,0,0.202020202,0.404040404,0,0,0,0,0,0,0,0,0.404040404,0,0,0,2.222222222,0,0.606060606,2.424242424,1.212121212,6.060606061,0,0,0.606060606,0.606060606,0,0,0,0.606060606,0,0,48.08080808,2.02020202,0,0,0,0,0,0.606060606,0,1.414141414,0,0.606060606,0.808080808,0,1.616161616,0,0,0,0,0,25.05050505,0,0,0,0,0,0,0,0,0,0,0,0,0,0,0,0,0,1.616161616,0,0,0,0,0,0.808080808,0,0,1.01010101,0,0,0,0,0,0,0,0,0,0,0,0
HN_LP,Iceland,2017,17,0,0,0,0,0,0,28.57142857,42.85714286,0,0,0,0,0,0,0,0,14.28571429,0,0,0,0,0,0,0,0,0,0,0,0,0,0,0,0,0,0,0,0,0,0,0,0,0,0,0,0,7.142857143,0,0,0,0,0,0,0,0,7.142857143,0,0,0,0,0,0,0,0,0,0,0,0,0,0,0,0,0,0,0,0,0,0,0,0,0,0,0,0,0,0,0,0,0,0,0,0,0,0,0,0,0
HN_HP,Iceland,2017,18,0.398406375,0,0,0,0,1.195219124,0.132802125,2.523240372,0,0,0,0,0,0.26560425,0,0,0,0.132802125,0,0,0,3.984063745,1.992031873,4.648074369,6.241699867,1.195219124,0,0,0,2.390438247,0,0,0,0,0,0,4.648074369,0,0,0,0,1.328021248,0,0,0,5.843293493,3.85126162,0.398406375,0.531208499,0,2.656042497,0,0.929614874,0,0.26560425,0,49.53519256,0.664010624,0.26560425,0.929614874,0,0,0,0,0,0,0,0,0,0,0,0,0,0,0,0,0,1.328021248,0,0,0,0,0,0,0,0,1.726427623,0,0,0,0,0,0,0,0,0
LN_LP,Iceland,2017,19,0,0,0,0,0,0,0,0,0,0,0,0,0,0,0,0,0,0,0,0,0,0,0,0,0,0,0,0,0,0,0,0,0,0,0,0,0,0,0,0,0,0,0,0,0,0,0,0,0,0,0,0,0,0,0,0,0,0,0,0,0,0,0,0,0,0,0,0,0,0,0,0,0,0,0,0,0,0,0,0,100,0,0,0,0,0,0,0,0,0,0,0,0,0,0,0
HN_HP,Iceland,2017,20,1.201201201,0,0,0,0,1.801801802,0.900900901,14.11411411,2.102102102,0,0,0,0.3003003,0,0,0,36.33633634,0,1.201201201,0,5.405405405,0,0.600600601,3.303303303,1.501501502,1.801801802,0,0.3003003,2.402402402,0.900900901,0,0,0,0,0,1.801801802,9.90990991,1.801801802,0,0,0,0,0,0,0,0,0,0.600600601,0,0,0.3003003,0,0,0.600600601,1.801801802,0,5.105105105,1.501501502,0,0.600600601,0,0,0,0,0,0,0,0,0,0,0,1.201201201,0,0,0,0.600600601,0,0,0,0,0,0,0,0,0,0,0,0,0,0,0,0,0,0,0,0
LN_LP,Iceland,2017,21,0,0,0,0,0,0,0,0,0,0,0,0,0,0,0,0,0,0,0,0,0,0,0,0,0,0,0,0,0,0,0,0,0,0,0,0,0,100,0,0,0,0,0,0,0,0,0,0,0,0,0,0,0,0,0,0,0,0,0,0,0,0,0,0,0,0,0,0,0,0,0,0,0,0,0,0,0,0,0,0,0,0,0,0,0,0,0,0,0,0,0,0,0,0,0,0
HN_HP,Iceland,2017,22,0,0,0,0,0,0,0,0.923787529,0,0,0,0,0,0,0,0,52.88683603,0,0,0,0.692840647,0,0,0.461893764,1.154734411,1.385681293,0,0,0,0,0,0,0,0,0,2.07852194,7.159353349,5.080831409,0,0,0,0,0,0,0,0,0,0,0,0,0,0,0,0,0,0,5.080831409,0.230946882,0,0,0,0,0,0,0,0,0,21.93995381,0,0,0,0,0,0.923787529,0,0,0,0,0,0,0,0,0,0,0,0,0,0,0,0,0,0,0,0,0,0
LN_LP,Iceland,2017,23,35.29411765,0,0,9.803921569,0,11.76470588,0,0,0,0,0,0,0,0,0,0,0,0,0,0,0,0,0,0,0,0,0,0,0,0,0,0,0,0,0,0,0,0,0,0,0,0,5.882352941,0,0,0,0,0,0,0,0,0,0,0,0,0,0,0,0,0,0,0,0,0,0,0,0,0,0,0,0,0,0,0,0,0,0,0,0,0,19.60784314,0,0,0,17.64705882,0,0,0,0,0,0,0,0,0,0,0
LN_LP,Iceland,2017,24,0,0,0,0,0,0.795755968,0,0,0,0,0,0,0,0,0,0,0,0,0,0,0,0,0,0,0,0,0,0,0,0,0,0,0,0,0,0,0,0,0,0,0,0,0,0,0,0,0,0,0,0,0,0,0,0,0,0,0,0,0,0,0,0,0,0,0,0,0,0,0,0,0,0,0,0,0,0,0,0,0,0,98.14323607,0,0,0,1.061007958,0,0,0,0,0,0,0,0,0,0,0
HN_HP,Iceland,2017,25,0,0.497512438,0,0,0,0,0,0.663349917,0,0,0,0,0,0,0,0.663349917,0,0,0,0,2.487562189,3.980099502,2.985074627,2.819237148,2.155887231,2.487562189,0,0,0,0.497512438,0,0.497512438,0,0,0,0,22.3880597,0.995024876,0,0,0.331674959,2.155887231,0,0,0,6.135986733,2.155887231,0,0,0.165837479,0,0,0,0,2.653399668,0.331674959,40.13266998,0.165837479,0,0,0,0,0,0,0,1.492537313,0,0,0,0.663349917,0,0,0,0,0,0,0,0,0,0,0,0,0,0,0,0,0,0.497512438,0,0,0,0,0,0,0,0
LN_LP,Iceland,2017,26,0.293973542,0,0,0,0,0.538951494,0,0,0,0,0,0,0,0,0,0,0,0,0,0,0,0,0,0,0,0,0,0,0,0,0,0,0,0,0,0,0,0,0,0,0,0,0,0,0,0,0,0,0,0,0,0,0,0,0,0,0,0,0,0,0,0,0,0,0,0,0,0,0,0,0,0,0,0,0,0,0,0,0,0,99.16707496,0,0,0,0,0,0,0,0,0,0,0,0,0,0,0
HN_LP,Iceland,2017,27,0,0,0,0,0,0,0,1.550387597,0,0,0,0,0,0,0,0,0.258397933,0,0.258397933,0,1.80878553,2.325581395,1.291989664,7.751937984,9.043927649,6.976744186,0,0,0,1.80878553,0,0,0,0,0,0,32.04134367,0,0,0,0.516795866,0.516795866,0,0,0,3.617571059,1.033591731,0,0,0,0.516795866,0,0,1.291989664,0.775193798,0,21.96382429,0.516795866,0,0,0,0,0,0,4.134366925,0,0,0,0,0,0,0,0,0,0,0,0,0,0,0,0,0,0,0,0,0,0,0,0,0,0,0,0,0,0,0
HN_LP,Iceland,2017,28,0,0,0,0,0,0,0,0.571428571,0.857142857,0,0,0,0,0,0,0,76,0,0.571428571,0,0,2.285714286,0,0,1.714285714,3.428571429,0,0,0.571428571,0,0,0,0,0,0,0,2.857142857,1.428571429,0,0,0,0.571428571,0,0,0,0,0,0,0,0,0,0,0,1.142857143,0.285714286,0,2.857142857,0.857142857,0,0,0,0,0,0,0,0,0,0,0,0,0,0,0,0,0,0,0,0,0,0,0,0,0,0,4,0,0,0,0,0,0,0,0,0,0,0
HN_LP,Iceland,2017,29,1.423487544,0,0,0,0,0,0,2.846975089,0.355871886,0,0,0.711743772,0,0,0,0,3.914590747,0,0.711743772,0,0.711743772,0,0,2.491103203,1.067615658,5.693950178,0,0,0,0,0,0,0,0,0,0,67.97153025,7.829181495,0,0,0,0.355871886,1.067615658,0,0,0,1.067615658,0,0,0,0,0,0,0,0.355871886,0.711743772,0,0.711743772,0,0,0,0,0,0,0,0,0,0,0,0,0,0,0,0,0,0,0,0,0,0,0,0,0,0,0,0,0,0,0,0,0,0,0,0,0,0
HN_HP,Iceland,2017,30,0,0,0,0,0,3.376623377,0.519480519,3.896103896,0.25974026,0,0,0,0,0,0,0,11.42857143,0,0,0,1.298701299,0,0,7.272727273,0.25974026,3.116883117,0,0,0.25974026,0,0,0,0,0,0,1.038961039,36.36363636,3.636363636,0,0,0,0,0,0,0,0,0,0,0,0,0,0,0,0,0.779220779,0,25.45454545,1.038961039,0,0,0,0,0,0,0,0,0,0,0,0,0,0,0,0,0,0,0,0,0,0,0,0,0,0,0,0,0,0,0,0,0,0,0,0,0,0