"","MetDate","Year","sample_event","ID2","ID3","channel","chan","Block","repF","tempF","MeanPre2wksTemp","N_tr_uM","P_tr_uM","N_uM","P_uM","NPratio","N_cat","P_cat","StartDate","lightL_Met","NEP_uM_C_m2h","NEP_is_imputed","R_uM_C_m2h","ER_is_imputed","GPP_uM_C_m2h","GPP_is_imputed","Met_gAFDM_m2","UpDate","NUp_uM_N_m2_hr","PUp_uM_P_m2_hr","Nup_gAFDM_m2","Pup_gAFDM_m2","NfixDate","T2_chambtempC","MeanPre2wksTempC_Nfixn","Nfix_uM_N_m2h","Nfix_gAFDM_m2","Comments","RelBV_allN2fixers","RelBV_allnonN2fixers","RelBV_N2fix_diatoms","RelBV_nonN2fix_diatoms","RelBV_N2fix_Cyanos","RelBV_otheralgalgroups","BMS_N2fixers_g_m2","BMS_nonN2fixers_g_m2","propNfixer","logitNfixer"
"1","7/15/2015",2015,"D1","Metab1_2015_C1","2015_C1","C1",1,1,NA,"A",9.465573928,3.57,0,3.68,0.36,10.22,"MedN","AmbP","2015-06-05",36511.35,3630.514706,FALSE,761.0056048,FALSE,4391.5203108,FALSE,15.6116666666665,"7/20/2015",2322.214286,NA,31.6376470588234,2.29201754385962,"7/16/2015",14,12.1,7.642857143,15.9599145299144,NA,0.43,99.57,0,90.49,0.43,9.08,0.0671301666666659,15.5445364999998,0.0043,-5.23674300141533
"2","7/15/2015",2015,"D1","Metab1_2015_C10","2015_C10","C10",10,1,NA,"E",24.94280331,3.57,0,3.68,0.36,10.22,"MedN","AmbP","2015-06-05",35514.09762,17695.74177,FALSE,7386.461938,FALSE,25082.203708,FALSE,53.3600000000002,"7/20/2015",1087.493888,NA,25.1941609977321,32.8153846153847,"7/16/2015",30.5,27.9,38,63.0266666666659,NA,0.65,99.35,0,28.26,0.65,70.44,0.346840000000001,53.0131600000002,0.0065,-4.88733707775176
"3","7/15/2015",2015,"D1","Metab1_2015_C11","2015_C11","C11",11,1,NA,"B",13.14945902,14.29,0,14.4,0.36,40,"HighN","AmbP","2015-06-05",76053.8275,1233.915441,FALSE,9258.217993,FALSE,10492.133434,FALSE,38.6399999999995,"7/20/2015",1817.542349,NA,48.2442080378245,37.3666666666665,"7/17/2015",24.5,19,17.64285714,36.9911111111107,NA,0.22,99.78,0,70.97,0.22,24.39,0.0850079999999989,38.5549919999995,0.0022,-5.74340374859994
"4","7/15/2015",2015,"D1","Metab1_2015_C12","2015_C12","C12",12,1,NA,"C",16.61711573,7.14,0,7.25,0.36,20.14,"HighN","AmbP","2015-06-05",78396.05625,21052.38971,FALSE,6588.451557,FALSE,27640.841267,FALSE,50.9999999999997,"7/20/2015",1737.37833,NA,33.9452631578944,56.429166666666,"7/17/2015",22,20.4,12.28571429,47.8344827586206,NA,2.97,97.03,1.61,96.78,1.36,0.25,1.51469999999999,49.4852999999997,0.0297,-3.45437272581513
"5","7/15/2015",2015,"D1","Metab1_2015_C13","2015_C13","C13",13,1,NA,"E",24.94280331,7.14,0,7.25,0.36,20.14,"HighN","AmbP","2015-06-05",75778.25,12033.54779,FALSE,10027.03287,FALSE,22060.58066,FALSE,38.5699999999995,"7/20/2015",2642.993434,NA,39.730976430976,31.4649999999996,"7/17/2015",31.6,30.2,10.85714286,42.4245310245305,NA,0.1,99.9,0.1,96.38,0,1.24,0.0385699999999995,38.5314299999995,0.001,-6.21460809842219
"6","7/15/2015",2015,"D1","Metab1_2015_C14","2015_C14","C14",14,1,NA,"C",16.61711573,14.29,0,14.4,0.36,40,"HighN","AmbP","2015-06-05",75778.25,10353.86029,FALSE,6474.913495,FALSE,16828.773785,FALSE,22.2118518518516,"7/20/2015",3290.152288,NA,30.0181557846503,52.0168421052631,"7/17/2015",22,20.4,10.42857143,36.1736842105259,NA,0,100,0,98.42,0,1.58,0,22.2118518518516,0,-6.90875477931522
"7","7/15/2015",2015,"D1","Metab1_2015_C15","2015_C15","C15",15,1,NA,"A",9.465573928,1.79,0,1.9,0.36,5.28,"MedN","AmbP","2015-06-05",72735.62917,1383.272059,FALSE,2468.641869,FALSE,3851.913928,FALSE,23.6879999999999,"7/20/2015",1858.588668,NA,28.5182940516271,30.5555555555556,"7/17/2015",18.3,14.1,4.357142857,38.7600000000003,NA,3.33,96.67,0,91,3.33,5.67,0.788810399999997,22.8991895999999,0.0333,-3.339776767715
"8","7/15/2015",2015,"D1","Metab1_2015_C16","2015_C16","C16",16,2,NA,"E",24.94280331,1.79,0,1.9,0.36,5.28,"MedN","AmbP","2015-06-05",72161.5475,13552.38971,FALSE,10711.50519,FALSE,24263.8949,FALSE,31.3280000000005,"7/20/2015",2645.303784,NA,66.7607843137255,29.6666666666671,"7/17/2015",31.7,30.3,221.2142857,23.1000000000001,NA,8.01,91.99,5.34,91.15,2.67,0.83,2.50937280000004,28.8186272000005,0.0801,-2.42966849160595
"9","7/15/2015",2015,"D1","Metab1_2015_C17","2015_C17","C17",17,2,NA,"B",13.14945902,3.57,0,3.68,0.36,10.22,"MedN","AmbP","2015-06-05",76329.3525,34.46691176,FALSE,6588.451557,FALSE,6622.91846876,FALSE,21.7866666666668,"7/20/2015",1182.77473,NA,43.438775510204,36.4547368421051,"7/17/2015",23.3,18,108.8571429,67.5799999999998,NA,0,100,0,100,0,0,0,21.7866666666668,0,-6.90875477931522
"10","7/15/2015",2015,"D1","Metab1_2015_C18","2015_C18","C18",18,2,NA,"B",13.14945902,1.79,0,1.9,0.36,5.28,"MedN","AmbP","2015-06-05",75089.34375,1252.297794,FALSE,11558.17474,FALSE,12810.472534,FALSE,17.5933333333331,"7/20/2015",1955.034675,NA,23.6249999999997,11.5920000000004,"7/17/2015",22.4,18.1,415.3571429,16.8034534534533,NA,94.07,5.93,0,5.93,94.07,0,16.5500486666664,1.04328466666665,0.9407,2.74835464878288
"11","7/15/2015",2015,"D1","Metab1_2015_C19","2015_C19","C19",19,2,NA,"D",20.12833665,3.57,0,3.68,0.36,10.22,"MedN","AmbP","2015-06-05",76880.4675,15592.83088,FALSE,7710.856401,FALSE,23303.687281,FALSE,44.0370370370365,"7/20/2015",2966.217731,NA,34.3286411411408,49.8413333333328,"7/17/2015",26.3,24.7,9.142857143,35.4032076719573,NA,1.75,98.25,0.62,96.4,1.13,1.85,0.770648148148139,43.2663888888884,0.0175,-3.97334690574483
"12","7/15/2015",2015,"D1","Metab1_2015_C2","2015_C2","C2",2,1,NA,"B",13.14945902,0,0,0.11,0.36,0.31,"AmbN","AmbP","2015-06-05",74199.55625,2153.09609446225,TRUE,755.8391003,FALSE,2908.93519476225,TRUE,0.927999999999984,"7/20/2015",183.9251212,NA,1.19999999999996,4.21971014492748,"7/16/2015",17.5,15.5,23.64285714,0.655652173913034,NA,0,100,0,100,0,0,0,0.927999999999984,0,-6.90875477931522
"13","7/15/2015",2015,"D1","Metab1_2015_C20","2015_C20","C20",20,2,NA,"C",16.61711573,0,0,0.11,0.36,0.31,"AmbN","AmbP","2015-06-05",75732.31125,3382.21306724922,TRUE,236.8079585,FALSE,3619.02102574922,TRUE,2.4313131313131,"7/20/2015",-190.414126,NA,2.60999999999996,3.50992063492059,"7/17/2015",22.4,20.9,33.85714286,4.98948717948712,NA,48.08,51.92,19.23,51.92,28.85,0,1.16897535353534,1.26233777777776,0.4808,-0.0766842628337801
"14","7/15/2015",2015,"D1","Metab1_2015_C21","2015_C21","C21",21,2,NA,"E",24.94280331,14.29,0,14.4,0.36,40,"HighN","AmbP","2015-06-05",77844.91875,1767.003676,FALSE,7519.463668,FALSE,9286.467344,FALSE,38.4,"7/20/2015",2223.959723,NA,30.5999999999999,44.5565497076018,"7/17/2015",32.1,30.8,18.21428571,133.733333333334,NA,0,100,0,100,0,0,0,38.4,0,-6.90875477931522
"15","7/15/2015",2015,"D1","Metab1_2015_C22","2015_C22","C22",22,2,NA,"A",9.465573928,10.71,0,10.82,0.36,30.06,"HighN","AmbP","2015-06-05",79452.3375,1415.441176,FALSE,4891.868512,FALSE,6307.309688,FALSE,54.0960000000001,"7/20/2015",367.9910609,NA,41.8164794007486,17.7942857142858,"7/17/2015",18.4,14.1,12.92857143,21.6654166666664,NA,0,100,0,100,0,0,0,54.0960000000001,0,-6.90875477931522
"16","7/15/2015",2015,"D1","Metab1_2015_C23","2015_C23","C23",23,2,NA,"D",20.12833665,7.14,0,7.25,0.36,20.14,"HighN","AmbP","2015-06-05",79222.70625,3559.283088,FALSE,8356.401384,FALSE,11915.684472,FALSE,20.4000000000004,"7/20/2015",1085.945763,NA,30.6666666666665,30.1963636363636,"7/17/2015",26.4,24.8,27.92857143,14.7636363636364,NA,42.27,57.73,1.13,53.76,41.13,3.97,8.62308000000017,11.7769200000002,0.4227,-0.311067107531659
"17","7/15/2015",2015,"D1","Metab1_2015_C24","2015_C24","C24",24,2,NA,"D",20.12833665,0,0,0.11,0.36,0.31,"AmbN","AmbP","2015-06-05",78706.0425,12568.93382,FALSE,8379.108997,FALSE,20948.042817,FALSE,8.27037037037028,"7/20/2015",549.7542703,NA,4.39027777777772,13.4849999999998,"7/17/2015",27.1,24.4,245.9285714,3.7536796536796,NA,100,0,2.85,0,97.15,0,8.27037037037028,0,1,6.90875477931522
"18","7/15/2015",2015,"D1","Metab1_2015_C25","2015_C25","C25",25,2,NA,"C",16.61711573,10.71,0,10.82,0.36,30.06,"HighN","AmbP","2015-06-05",78706.0425,15721.50735,FALSE,6150.519031,FALSE,21872.026381,FALSE,60,"7/20/2015",676.0984463,NA,21.8296703296701,48.3816666666661,"7/17/2015",28,20.8,9.214285714,39.6,NA,0,100,0,90.09,0,9.91,0,60,0,-6.90875477931522
"19","7/15/2015",2015,"D1","Metab1_2015_C27","2015_C27","C27",27,2,NA,"E",24.94280331,10.71,0,10.82,0.36,30.06,"HighN","AmbP","2015-06-05",140855.7567,18138.78676,FALSE,6361.375433,FALSE,24500.162193,FALSE,41.5774074074069,"7/20/2015",347.9279633,NA,39.8434691358021,45.1529999999995,"7/17/2015",32.7,29.8,44.21428571,32.7999999999999,NA,0.47,99.53,0.47,94.91,0,1.02,0.195413814814812,41.3819935925921,0.0047,-5.16358224221031
"20","7/15/2015",2015,"D1","Metab1_2015_C28","2015_C28","C28",28,2,NA,"B",13.14945902,7.14,0,7.25,0.36,20.14,"HighN","AmbP","2015-06-05",106089.6013,7392.003676,FALSE,4564.230104,FALSE,11956.23378,FALSE,11.9307692307687,"7/20/2015",-201.8790195,NA,8.75897435897444,12.8924999999999,"7/17/2015",23,18.1,10.14285714,9.50000000000006,NA,2.21,97.79,2.21,90.61,0,7.18,0.263669999999988,11.6670992307687,0.0221,-3.74659687473964
"21","7/15/2015",2015,"D1","Metab1_2015_C29","2015_C29","C29",29,2,NA,"D",20.12833665,1.79,0,1.9,0.36,5.28,"MedN","AmbP","2015-06-05",97822.8775,13152.57353,FALSE,3487.240484,FALSE,16639.814014,FALSE,86.6879999999994,"7/20/2015",2239.473374,NA,30.896296296296,19.1428571428573,"7/17/2015",26.8,24.5,381.4285714,33.7600000000002,NA,60.17,39.83,2.37,39.83,57.8,0,52.1601695999996,34.5278303999998,0.6017,0.411706546419823
"22","7/15/2015",2015,"D1","Metab1_2015_C3","2015_C3","C3",3,1,NA,"B",13.14945902,10.71,0,10.82,0.36,30.06,"HighN","AmbP","2015-06-05",138536.4625,16933.2989239467,TRUE,7590.83045,FALSE,24524.1293739467,TRUE,75.4600000000004,"7/20/2015",1291.992027,NA,19.5673469387755,34.448888888889,"7/16/2015",17.5,15.5,9.785714286,19.3429999999998,NA,1.11,98.89,2.23,92.62,0,5.15,0.837606000000005,74.6223940000004,0.0111,-4.40439847532307
"23","7/15/2015",2015,"D1","Metab1_2015_C30","2015_C30","C30",30,2,NA,"D",20.12833665,14.29,0,14.4,0.36,40,"HighN","AmbP","2015-06-05",92311.725,26073.06985,FALSE,40467.91442,FALSE,66540.98427,FALSE,62.5600000000013,"7/20/2015",2380.019364,NA,38.5669312169308,44.3556790123452,"7/17/2015",26,24.5,10.21428571,34.4000000000002,NA,0,100,0,98.56,0,1.44,0,62.5600000000013,0,-6.90875477931522
"24","7/15/2015",2015,"D1","Metab1_2015_C4","2015_C4","C4",4,1,NA,"C",16.61711573,1.79,0,1.9,0.36,5.28,"MedN","AmbP","2015-06-05",137778.68,103489.5833,FALSE,17030.70934,FALSE,120520.29264,FALSE,91.0800000000002,"7/20/2015",1069.426381,NA,18.809722222222,25.6944444444442,"7/16/2015",20.7,18,29.14285714,38.4249999999996,NA,1.63,98.37,1.31,90.21,0.33,8.16,1.484604,89.5953960000002,0.0163,-4.04163052475002
"25","7/15/2015",2015,"D1","Metab1_2015_C5","2015_C5","C5",5,1,NA,"C",16.61711573,3.57,0,3.68,0.36,10.22,"MedN","AmbP","2015-06-05",151005.43,22927.38971,FALSE,5787.197232,FALSE,28714.586942,FALSE,50.7599999999986,"7/20/2015",2737.343024,NA,59.8587134502917,25.83,"7/16/2015",20.7,18,9.857142857,52.860555555555,NA,29.32,70.68,3.76,68.42,25.56,2.26,14.8828319999996,35.877167999999,0.2932,-0.877901759744026
"26","7/15/2015",2015,"D1","Metab1_2015_C6","2015_C6","C6",6,1,NA,"E",24.94280331,0,0,0.11,0.36,0.31,"AmbN","AmbP","2015-06-05",81094.23083,6541.819853,FALSE,3626.730104,FALSE,10168.549957,FALSE,7.53999999999991,"7/20/2015",876.251038,NA,8.8100925925925,7.19361111111103,"7/16/2015",30.5,27.9,372,11.6966666666665,NA,100,0,1.22,0,98.78,0,7.53999999999991,0,1,6.90875477931522
"27","7/15/2015",2015,"D1","Metab1_2015_C7","2015_C7","C7",7,1,NA,"A",9.465573928,14.29,0,14.4,0.36,40,"HighN","AmbP","2015-06-05",62115.21833,5282.628676,FALSE,1683.607266,FALSE,6966.235942,FALSE,24.5333333333334,"7/20/2015",207.3248147,NA,13.9354838709676,27.9719999999998,"7/16/2015",14,12.1,9.785714286,27.3000000000001,NA,0.24,99.76,0,85.7,0.24,14.06,0.0588800000000002,24.4744533333334,0.0024,-5.68257886644439
"28","7/15/2015",2015,"D1","Metab1_2015_C9","2015_C9","C9",9,1,NA,"D",20.12833665,10.71,0,10.82,0.36,30.06,"HighN","AmbP","2015-06-05",35960.2375,17548.25368,FALSE,10241.13322,FALSE,27789.3869,FALSE,104.880000000001,"7/20/2015",2772.997232,NA,41.1166062801928,50.7306666666661,"7/16/2015",24.9,22.2,7.071428571,82.0753703703694,NA,0,100,0,100,0,0,0,104.880000000001,0,-6.90875477931522
"29","7/15/2015",2015,"D1","Metab1_2015_C26","2015_C26","C26",26,2,NA,"A",9.465573928,7.14,0,7.25,0.36,20.14,"HighN","AmbP","2015-06-05",NA,7396.66044638139,TRUE,1202.862273,FALSE,8599.52271938139,TRUE,12.8999999999999,"7/20/2015",643.9952227,NA,14.909759129759,13.8036363636363,"7/17/2015",18.9,14.1,8.357142857,18.0256410256407,NA,0,100,0,84.62,0,15.38,0,12.8999999999999,0,-6.90875477931522
"30","7/15/2015",2015,"D1","Metab1_2015_C8","2015_C8","C8",8,1,NA,"A",9.465573928,0,0,0.11,0.36,0.31,"AmbN","AmbP","2015-06-05",NA,2037.40794508798,TRUE,299.7509488,FALSE,2337.15889388798,TRUE,0.824888888888874,"7/20/2015",115.4316396,NA,2.63038548752832,1.21799999999999,"7/16/2015",14,12.1,8.285714286,0.799111111111102,NA,0,100,0,100,0,0,0,0.824888888888874,0,-6.90875477931522
"31","7/27/2015",2015,"D2","Metab2_2015_C1","2015_C1","C1",1,1,NA,"A",9.225614037,3.57,0,3.68,0.36,10.22,"MedN","AmbP","2015-06-05",99740.95882,27305.45344,FALSE,4581.128414,FALSE,31886.581854,FALSE,29.9076923076925,"7/28/2015",1890.09636,NA,40.1877450980388,26.8965517241379,"7/29/2015",13.9,11.3,7.071428571,20.8879120879122,NA,0.43,99.57,0,90.49,0.43,9.08,0.128603076923078,29.7790892307694,0.0043,-5.23674300141533
"32","7/27/2015",2015,"D2","Metab2_2015_C10","2015_C10","C10",10,1,NA,"E",24.48883195,3.57,0,3.68,0.36,10.22,"MedN","AmbP","2015-06-05",130084.6573,29103.43317,FALSE,17970.44045,FALSE,47073.87362,FALSE,74.8635166093921,"7/28/2015",3216.06395,NA,50.494323671497,49.6172043010754,"7/29/2015",29.6,25.6,43.92857143,107.882478632477,NA,0.65,99.35,0,28.26,0.65,70.44,0.486612857961049,74.376903751431,0.0065,-4.88733707775176
"33","7/27/2015",2015,"D2","Metab2_2015_C11","2015_C11","C11",11,1,NA,"B",12.52434659,14.29,0,14.4,0.36,40,"HighN","AmbP","2015-06-05",132267.5039,4996.219758,FALSE,3555.830949,FALSE,8552.050707,FALSE,12.7587628865981,"7/28/2015",1395.232418,NA,6.95054347826079,12.0133333333333,"7/30/2015",16.7,14.7,7.285714286,6.40000000000018,NA,0.22,99.78,0,70.97,0.22,24.39,0.0280692783505158,12.7306936082476,0.0022,-5.74340374859994
"34","7/27/2015",2015,"D2","Metab2_2015_C12","2015_C12","C12",12,1,NA,"C",15.77131449,7.14,0,7.25,0.36,20.14,"HighN","AmbP","2015-06-05",135574.19,26958.1152,FALSE,701.9105151,FALSE,27660.0257151,FALSE,36.4916666666663,"7/28/2015",1391.503661,NA,21.4639455782311,28.6185457516337,"7/29/2015",22.4,11.3,7.714285714,28.9653524492231,NA,2.97,97.03,1.61,96.78,1.36,0.25,1.08380249999999,35.4078641666663,0.0297,-3.45437272581513
"35","7/27/2015",2015,"D2","Metab2_2015_C13","2015_C13","C13",13,1,NA,"E",24.48883195,7.14,0,7.25,0.36,20.14,"HighN","AmbP","2015-06-05",136849.3188,35026.04167,FALSE,14632.95074,FALSE,49658.99241,FALSE,52.2585858585853,"7/28/2015",1956.474593,NA,45.6585227272722,44.7984598459841,"7/29/2015",20.8,25.6,10.28571429,47.8782359679261,NA,0.1,99.9,0.1,96.38,0,1.24,0.0522585858585853,52.2063272727267,0.001,-6.21460809842219
"36","7/27/2015",2015,"D2","Metab2_2015_C14","2015_C14","C14",14,1,NA,"C",15.77131449,14.29,0,14.4,0.36,40,"HighN","AmbP","2015-06-05",139788.5988,11407.112,FALSE,6105.676198,FALSE,17512.788198,FALSE,5.11125106283516,"7/28/2015",1118.423235,NA,8.4539072039071,1.515401540154,"7/30/2015",20.1,17.7,7.214285714,5.36444444444438,NA,0,100,0,98.42,0,1.58,0,5.11125106283516,0,-6.90875477931522
"37","7/27/2015",2015,"D2","Metab2_2015_C15","2015_C15","C15",15,1,NA,"A",9.225614037,1.79,0,1.9,0.36,5.28,"MedN","AmbP","2015-06-05",118578.5323,7086.693549,FALSE,47264.27333,FALSE,54350.966879,FALSE,17.3679213748789,"7/28/2015",237.6491036,NA,19.2828843995509,25.536,"7/29/2015",13.7,11.3,5.357142857,7.28487972508584,NA,3.33,96.67,0,91,3.33,5.67,0.578351781783467,16.7895695930954,0.0333,-3.339776767715
"38","7/27/2015",2015,"D2","Metab2_2015_C16","2015_C16","C16",16,2,NA,"E",24.48883195,1.79,0,1.9,0.36,5.28,"MedN","AmbP","2015-06-05",75437.90588,28301.16418,FALSE,7626.050422,FALSE,35927.214602,FALSE,39.1511627906976,"7/28/2015",2309.281909,NA,32.0900749063667,19.0428571428573,"7/29/2015",20.6,25.6,174.2857143,31.8404255319148,NA,8.01,91.99,5.34,91.15,2.67,0.83,3.13600813953488,36.0151546511627,0.0801,-2.42966849160595
"39","7/27/2015",2015,"D2","Metab2_2015_C17","2015_C17","C17",17,2,NA,"B",12.52434659,3.57,0,3.68,0.36,10.22,"MedN","AmbP","2015-06-05",79319.06022,9745.463713,FALSE,5158.674498,FALSE,14904.138211,FALSE,23.5531914893617,"7/28/2015",452.9876619,NA,4.07611111111106,1.78500000000009,"7/30/2015",16.6,14.6,13.78571429,1.64531963470318,NA,0,100,0,100,0,0,0,23.5531914893617,0,-6.90875477931522
"40","7/27/2015",2015,"D2","Metab2_2015_C18","2015_C18","C18",18,2,NA,"B",12.52434659,1.79,0,1.9,0.36,5.28,"MedN","AmbP","2015-06-05",78400.53484,11093.31229,FALSE,452.3947998,FALSE,11545.7070898,FALSE,10.7791133156965,"7/28/2015",795.4648074,NA,12.9447407407406,7.69593253968246,"7/30/2015",16.9,15.2,87.57142857,11.6966666666665,NA,94.07,5.93,0,5.93,94.07,0,10.1399118960757,0.639201419620802,0.9407,2.74835464878288
"41","7/27/2015",2015,"D2","Metab2_2015_C19","2015_C19","C19",19,2,NA,"D",19.74645391,3.57,0,3.68,0.36,10.22,"MedN","AmbP","2015-06-05",81835.15294,26040.14333,FALSE,7855.996143,FALSE,33896.139473,FALSE,26.2444105691054,"7/28/2015",1937.391874,NA,27.4669530355094,25.4534883720931,"7/30/2015",23.7,20.9,18.64285714,36.0524269005844,NA,1.75,98.25,0.62,96.4,1.13,1.85,0.459277184959345,25.7851333841461,0.0175,-3.97334690574483
"42","7/27/2015",2015,"D2","Metab2_2015_C20","2015_C20","C20",20,2,NA,"C",15.77131449,0,0,0.11,0.36,0.31,"AmbN","AmbP","2015-06-05",69778.25806,6619.592144,FALSE,2082.295181,FALSE,8701.887325,FALSE,5.59432624113469,"7/28/2015",769.995419,NA,3.51624999999995,2.75584795321635,"7/30/2015",20.2,17.8,87.5,2.36725925925923,NA,48.08,51.92,19.23,51.92,28.85,0,2.68975205673756,2.90457418439713,0.4808,-0.0766842628337801
"43","7/27/2015",2015,"D2","Metab2_2015_C21","2015_C21","C21",21,2,NA,"E",24.48883195,14.29,0,14.4,0.36,40,"HighN","AmbP","2015-06-05",65985.64172,18786.0123,FALSE,9024.7963,FALSE,27810.8086,FALSE,33.6447058823529,"7/28/2015",3577.572301,NA,57.0122354497348,88.2,"7/29/2015",28,25.6,8.285714286,79.0652777777769,NA,0,100,0,100,0,0,0,33.6447058823529,0,-6.90875477931522
"44","7/27/2015",2015,"D2","Metab2_2015_C22","2015_C22","C22",22,2,NA,"A",9.225614037,10.71,0,10.82,0.36,30.06,"HighN","AmbP","2015-06-05",62524.87914,12292.70524,FALSE,1455.170778,FALSE,13747.876018,FALSE,14.96,"7/28/2015",1305.051823,NA,11.8226804123711,13.1546391752579,"7/29/2015",20.8,11.3,5.714285714,8.74949494949494,NA,0,100,0,100,0,0,0,14.96,0,-6.90875477931522
"45","7/27/2015",2015,"D2","Metab2_2015_C23","2015_C23","C23",23,2,NA,"D",19.74645391,7.14,0,7.25,0.36,20.14,"HighN","AmbP","2015-06-05",57955.96108,7575.919678,FALSE,4766.555949,FALSE,12342.475627,FALSE,14.8841379310347,"7/28/2015",393.8783082,NA,13.5484374999998,11.1297297297296,"7/30/2015",23.7,20.9,60.07142857,15.8600000000002,NA,42.27,57.73,1.13,53.76,41.13,3.97,6.29152510344837,8.59261282758633,0.4227,-0.311067107531659
"46","7/27/2015",2015,"D2","Metab2_2015_C24","2015_C24","C24",24,2,NA,"D",19.74645391,0,0,0.11,0.36,0.31,"AmbN","AmbP","2015-06-05",52000.36645,8461.508585,FALSE,3816.07771,FALSE,12277.586295,FALSE,5.06248908641393,"7/28/2015",1029.611194,NA,3.6014227642276,10.5824561403508,"7/30/2015",23.7,20.9,232.7857143,6.06607744107738,NA,100,0,2.85,0,97.15,0,5.06248908641393,0,1,6.90875477931522
"47","7/27/2015",2015,"D2","Metab2_2015_C25","2015_C25","C25",25,2,NA,"C",15.77131449,10.71,0,10.82,0.36,30.06,"HighN","AmbP","2015-06-05",50198.87269,9025.957664,FALSE,2804.498036,FALSE,11830.4557,FALSE,9.35464135021086,"7/28/2015",1524.518131,NA,10.8827127659573,23.1325581395346,"7/30/2015",20.1,17.8,7.785714286,6.46647135416659,NA,0,100,0,90.09,0,9.91,0,9.35464135021086,0,-6.90875477931522
"48","7/27/2015",2015,"D2","Metab2_2015_C26","2015_C26","C26",26,2,NA,"A",9.225614037,7.14,0,7.25,0.36,20.14,"HighN","AmbP","2015-06-05",47935.1529,12970.44609,FALSE,3192.4987,FALSE,16162.94479,FALSE,20.8733333333333,"7/28/2015",702.8924352,NA,18.225,10.1454545454546,"7/29/2015",13.5,11.3,6.142857143,7.90199652777769,NA,0,100,0,84.62,0,15.38,0,20.8733333333333,0,-6.90875477931522
"49","7/27/2015",2015,"D2","Metab2_2015_C27","2015_C27","C27",27,2,NA,"E",24.48883195,10.71,0,10.82,0.36,30.06,"HighN","AmbP","2015-06-05",49060.04118,56954.65678,FALSE,14260.97951,FALSE,71215.63629,FALSE,61.2551020408156,"7/28/2015",3094.222012,NA,68.4205840455832,51.5517241379311,"7/29/2015",20.9,25.6,5.5,59.2109890109883,NA,0.47,99.53,0.47,94.91,0,1.02,0.287898979591833,60.9672030612238,0.0047,-5.16358224221031
"50","7/27/2015",2015,"D2","Metab2_2015_C28","2015_C28","C28",28,2,NA,"B",12.52434659,7.14,0,7.25,0.36,20.14,"HighN","AmbP","2015-06-05",44112.90237,10139.41946,FALSE,3787.034823,FALSE,13926.454283,FALSE,9.90639223560898,"7/28/2015",795.8810183,NA,6.83111111111088,16.8725160256408,"7/30/2015",16.6,14.7,10.42857143,15.6333333333331,NA,2.21,97.79,2.21,90.61,0,7.18,0.218931268406958,9.68746096720202,0.0221,-3.74659687473964
"51","7/27/2015",2015,"D2","Metab2_2015_C29","2015_C29","C29",29,2,NA,"D",19.74645391,1.79,0,1.9,0.36,5.28,"MedN","AmbP","2015-06-05",45353.52235,27397.36519,FALSE,8701.278512,FALSE,36098.643702,FALSE,34.4329113924047,"7/28/2015",2199.338368,NA,21.4022988505746,18.7514563106794,"7/30/2015",23.6,20.9,101.7857143,23.8050000000004,NA,60.17,39.83,2.37,39.83,57.8,0,20.7182827848099,13.7146286075948,0.6017,0.411706546419823
"52","7/27/2015",2015,"D2","Metab2_2015_C3","2015_C3","C3",3,1,NA,"B",12.52434659,10.71,0,10.82,0.36,30.06,"HighN","AmbP","2015-06-05",104237.7226,6115.420299,FALSE,6492.834163,FALSE,12608.254462,FALSE,15.8395755305866,"7/28/2015",981.5556395,NA,35.8921834625319,16.9531914893617,"7/30/2015",16.9,15.1,7.857142857,8.90434782608721,NA,1.11,98.89,2.23,92.62,0,5.15,0.175819288389511,15.6637562421971,0.0111,-4.40439847532307
"53","7/27/2015",2015,"D2","Metab2_2015_C30","2015_C30","C30",30,2,NA,"D",19.74645391,14.29,0,14.4,0.36,40,"HighN","AmbP","2015-06-05",40142.50129,16449.09274,FALSE,6759.028843,FALSE,23208.121583,FALSE,19.772526636225,"7/28/2015",1450.178413,NA,23.1949122807015,20.7391463056422,"7/30/2015",23.7,21,8,19.2499999999999,NA,0,100,0,98.56,0,1.44,0,19.772526636225,0,-6.90875477931522
"54","7/27/2015",2015,"D2","Metab2_2015_C4","2015_C4","C4",4,1,NA,"C",15.77131449,1.79,0,1.9,0.36,5.28,"MedN","AmbP","2015-06-05",104676.8086,16713.3225,FALSE,6378.673084,FALSE,23091.995584,FALSE,20.9560710194728,"7/28/2015",2043.406543,NA,10.329964539007,19.1100000000001,"7/29/2015",20.7,18.1,21.78571429,9.76494845360819,NA,1.63,98.37,1.31,90.21,0.33,8.16,0.341583957617407,20.6144870618554,0.0163,-4.04163052475002
"55","7/27/2015",2015,"D2","Metab2_2015_C5","2015_C5","C5",5,1,NA,"C",15.77131449,3.57,0,3.68,0.36,10.22,"MedN","AmbP","2015-06-05",104711.8,31750.39987,FALSE,7272.49582,FALSE,39022.89569,FALSE,31.4954710144924,"7/28/2015",1061.63524,NA,16.7034313725488,13.3847826086955,"7/29/2015",18.8,11.3,20.85714286,9.31874999999996,NA,29.32,70.68,3.76,68.42,25.56,2.26,9.23447210144917,22.2609989130432,0.2932,-0.877901759744026
"56","7/27/2015",2015,"D2","Metab2_2015_C6","2015_C6","C6",6,1,NA,"E",24.48883195,0,0,0.11,0.36,0.31,"AmbN","AmbP","2015-06-05",106489.5871,17952.42185,FALSE,8247.138657,FALSE,26199.560507,FALSE,14.4660515873014,"7/28/2015",698.6207786,NA,12.6834722222221,18.6888888888887,"7/29/2015",29.7,25.6,267.1428571,12.0257936507935,NA,100,0,1.22,0,98.78,0,14.4660515873014,0,1,6.90875477931522
"57","7/27/2015",2015,"D2","Metab2_2015_C7","2015_C7","C7",7,1,NA,"A",9.225614037,14.29,0,14.4,0.36,40,"HighN","AmbP","2015-06-05",117156.3097,8914.150708,FALSE,2321.940972,FALSE,11236.09168,FALSE,17.5483870967742,"7/28/2015",783.1476104,NA,14.8020833333332,14.8842105263158,"7/29/2015",13.9,11.3,3.928571429,13.1516483516482,NA,0.24,99.76,0,85.7,0.24,14.06,0.0421161290322581,17.5062709677419,0.0024,-5.68257886644439
"58","7/27/2015",2015,"D2","Metab2_2015_C8","2015_C8","C8",8,1,NA,"A",9.225614037,0,0,0.11,0.36,0.31,"AmbN","AmbP","2015-06-05",99378.42903,1369.19480172731,TRUE,715.0745018,FALSE,2084.26930352731,TRUE,0.353405017921137,"7/28/2015",580.6945433,NA,0.741111111111102,3.90058479532159,"7/29/2015",13.5,11.3,9.928571429,0.873118279569881,NA,0,100,0,100,0,0,0,0.353405017921137,0,-6.90875477931522
"59","7/27/2015",2015,"D2","Metab2_2015_C9","2015_C9","C9",9,1,NA,"D",19.74645391,10.71,0,10.82,0.36,30.06,"HighN","AmbP","2015-06-05",115497.0417,9077.348765,FALSE,4112.357278,FALSE,13189.706043,FALSE,9.57894736842098,"7/28/2015",2122.190517,NA,14.2799999999999,17.8414444444442,"7/30/2015",23.8,21,7.5,15.4099999999998,NA,0,100,0,100,0,0,0,9.57894736842098,0,-6.90875477931522
"60","7/27/2015",2015,"D2","Metab2_2015_C2","2015_C2","C2",2,1,NA,"B",12.52434659,0,0,0.11,0.36,0.31,"AmbN","AmbP","2015-06-05",NA,1567.67623543197,TRUE,469.467960805753,TRUE,2037.14419623772,TRUE,0.471686746987938,"7/28/2015",305.7302469,NA,0.612222222222219,1.77624999999999,"7/30/2015",16.7,15,49.71428571,1.5818181818182,NA,0,100,0,100,0,0,0,0.471686746987938,0,-6.90875477931522
"61","7/27/2016",2016,"D1","Metab1_2016_C1","2016_C1","C1",1,1,NA,"A",10.63156024,0,1.61,0.11,1.97,0.06,"AmbN","MedP","2016-06-03",99085.88417,227.714639645996,TRUE,539.7923875,FALSE,767.507027145996,TRUE,1.55999999999983,NA,NA,NA,1.55999999999983,1.55999999999983,"7/25/2016",12.2,9.68,33.35714286,0.8,"",96.67,3.33,0,3.33,96.67,0,1.50805199999984,0.0519479999999943,0.9667,3.339776767715
"62","7/27/2016",2016,"D1","Metab1_2016_C10","2016_C10","C10",10,1,NA,"E",25.2363148,0,1.61,0.11,1.97,0.06,"AmbN","MedP","2016-06-03",97409.5425,30604.31985,FALSE,14390.13841,FALSE,44994.45826,FALSE,42.824,NA,NA,NA,42.824,42.824,"7/25/2016",24.8,23.92,285.6428571,46.8,"",91.27,8.73,35.86,0,55.42,8.73,39.0854648,3.7385352,0.9127,2.33676218239466
"63","7/27/2016",2016,"D1","Metab1_2016_C11","2016_C11","C11",11,1,NA,"B",13.44511935,0,6.45,0.11,6.81,0.02,"AmbN","HighP","2016-06-03",116285.2178,3552.380953,FALSE,1008.403362,FALSE,4560.784315,FALSE,6.0799999999999,NA,NA,NA,6.0799999999999,6.0799999999999,"8/1/2016",13,13.97,99.57142857,4.8,"Replacing lost 1st sampling",100,0,1.11,0,98.89,0,6.0799999999999,0,1,6.90875477931522
"64","7/27/2016",2016,"D1","Metab1_2016_C12","2016_C12","C12",12,1,NA,"C",17.15484516,0,3.23,0.11,3.59,0.03,"AmbN","HighP","2016-06-03",112794.8222,13493.30357,FALSE,4668.036332,FALSE,18161.339902,FALSE,12.8142857142852,NA,NA,NA,12.8142857142852,12.8142857142852,"8/1/2016",15.7,17.44,131.5,9.2,"Replacing lost 1st sampling",100,0,71.88,0,28.13,0,12.8142857142852,0,1,6.90875477931522
"65","7/27/2016",2016,"D1","Metab1_2016_C13","2016_C13","C13",13,1,NA,"E",25.2363148,0,3.23,0.11,3.59,0.03,"AmbN","HighP","2016-06-03",120510.4307,27293.52678,FALSE,16080.23356,FALSE,43373.76034,FALSE,39.6342857142841,NA,NA,NA,39.6342857142841,39.6342857142841,"8/1/2016",22.6,25.51,247.0714286,38,"Replacing lost 1st sampling",98.13,1.87,2.94,0,95.19,1.87,38.893124571427,0.741161142857113,0.9813,3.90927812493688
"66","7/27/2016",2016,"D1","Metab1_2016_C14","2016_C14","C14",14,1,NA,"C",17.15484516,0,6.45,0.11,6.81,0.02,"AmbN","HighP","2016-06-03",145080.9725,11240.80882,FALSE,3221.237024,FALSE,14462.045844,FALSE,14.8966666666666,NA,NA,NA,14.8966666666666,14.8966666666666,"8/1/2016",15.9,17.44,81.64285714,8,"Replacing lost 1st sampling",100,0,53.45,0,46.55,0,14.8966666666666,0,1,6.90875477931522
"67","7/27/2016",2016,"D1","Metab1_2016_C15","2016_C15","C15",15,1,NA,"A",10.63156024,0,0.81,0.11,1.17,0.09,"AmbN","MedP","2016-06-03",153967.6988,1235.19471258077,TRUE,570.9342561,FALSE,1806.12896868076,TRUE,3.07999999999966,NA,NA,NA,3.07999999999966,3.07999999999966,"8/1/2016",10.7,11.15,55.14285714,3.2,"Replacing lost 1st sampling",60.19,39.81,21.36,39.81,38.83,0,1.8538519999998,1.22614799999986,0.6019,0.412539333440672
"68","7/27/2016",2016,"D1","Metab1_2016_C16","2016_C16","C16",16,2,NA,"E",25.2363148,0,0.81,0.11,1.17,0.09,"AmbN","MedP","2016-06-03",86995.75792,14896.59926,FALSE,7645.977509,FALSE,22542.576769,FALSE,29.2600000000007,NA,NA,NA,29.2600000000007,29.2600000000007,"8/1/2016",23.4,25.51,151.5714286,21.6,"Replacing lost 1st sampling",85.74,14.26,2.69,0.09,83.06,14.17,25.0875240000006,4.1724760000001,0.8574,1.78803853470236
"69","7/27/2016",2016,"D1","Metab1_2016_C17","2016_C17","C17",17,2,NA,"B",13.44511935,0,1.61,0.11,1.97,0.06,"AmbN","MedP","2016-06-03",86995.75792,15323.98897,FALSE,3062.283737,FALSE,18386.272707,FALSE,12.1333333333328,NA,NA,NA,12.1333333333328,12.1333333333328,"8/1/2016",13.3,13.97,203.5714286,8,"Replacing lost 1st sampling",100,0,0.25,0,99.75,0,12.1333333333328,0,1,6.90875477931522
"70","7/27/2016",2016,"D1","Metab1_2016_C18","2016_C18","C18",18,2,NA,"B",13.44511935,0,0.81,0.11,1.17,0.09,"AmbN","MedP","2016-06-03",84045,6607.142861,FALSE,1913.927336,FALSE,8521.070197,FALSE,7.99999999999983,NA,NA,NA,7.99999999999983,7.99999999999983,"8/1/2016",13.5,13.97,89.5,4.4,"Replacing lost 1st sampling",92.9,7.1,17.75,0,75.15,7.1,7.43199999999984,0.567999999999988,0.929,2.55851846713125
"71","7/27/2016",2016,"D1","Metab1_2016_C19","2016_C19","C19",19,2,NA,"D",20.96240086,0,1.61,0.11,1.97,0.06,"AmbN","MedP","2016-06-03",80967.94583,9882.8125,FALSE,4629.108997,FALSE,14511.921497,FALSE,NA,NA,NA,NA,NA,NA,"7/26/2016",26.1,20.86,254.6428571,15.2,"",100,0,1.46,0,98.54,0,NA,NA,1,6.90875477931522
"72","7/27/2016",2016,"D1","Metab1_2016_C2","2016_C2","C2",2,1,NA,"B",13.44511935,0,0,0.11,0.36,0.31,"AmbN","AmbP","2016-06-03",99200.7,1905.882353,FALSE,608.3044983,FALSE,2514.1868513,FALSE,6.0319999999998,NA,NA,NA,6.0319999999998,6.0319999999998,"7/25/2016",15,12.56,71.42857143,1.6,"",100,0,0.39,0,99.61,0,6.0319999999998,0,1,6.90875477931522
"73","7/27/2016",2016,"D1","Metab1_2016_C20","2016_C20","C20",20,2,NA,"C",17.15484516,0,0,0.11,0.36,0.31,"AmbN","AmbP","2016-06-03",81197.57833,10932.90441,FALSE,2231.83391,FALSE,13164.73832,FALSE,11.6666666666666,NA,NA,NA,11.6666666666666,11.6666666666666,"7/26/2016",23.5,17.03,150,24.8,"",99.55,0.45,1.2,0.45,98.35,0,11.6141666666666,0.0524999999999997,0.9955,5.19950104741441
"74","7/27/2016",2016,"D1","Metab1_2016_C21","2016_C21","C21",21,2,NA,"E",25.2363148,0,6.45,0.11,6.81,0.02,"AmbN","HighP","2016-06-03",81197.57833,6043.198529,FALSE,5427.119377,FALSE,11470.317906,FALSE,24.9400000000011,NA,NA,NA,24.9400000000011,24.9400000000011,"7/26/2016",29.4,25.12,298.8571429,46.4,"",85.39,14.61,18.66,3.47,66.74,11.14,21.2962660000009,3.64373400000016,0.8539,1.7598718754248
"75","7/27/2016",2016,"D1","Metab1_2016_C22","2016_C22","C22",22,2,NA,"A",10.63156024,0,4.84,0.11,5.2,0.02,"AmbN","HighP","2016-06-03",82361.0489,733.3333336,FALSE,564.7058821,FALSE,1298.0392157,FALSE,3.05142857142869,NA,NA,NA,3.05142857142869,3.05142857142869,"7/26/2016",19.6,10.49,42.14285714,4.8,"",100,0,0,0,100,0,3.05142857142869,0,1,6.90875477931522
"76","7/27/2016",2016,"D1","Metab1_2016_C23","2016_C23","C23",23,2,NA,"D",20.96240086,0,3.23,0.11,3.59,0.03,"AmbN","HighP","2016-06-03",86134.64708,7853.860294,FALSE,4486.375433,FALSE,12340.235727,FALSE,10.5,NA,NA,NA,10.5,10.5,"7/26/2016",26.4,20.86,171.3571429,27.2,"",96.8,3.2,65.98,3.2,30.83,0,10.164,0.336,0.968,3.37975705042429
"77","7/27/2016",2016,"D1","Metab1_2016_C24","2016_C24","C24",24,2,NA,"D",20.96240086,0,0,0.11,0.36,0.31,"AmbN","AmbP","2016-06-03",91289.86458,16277.57353,FALSE,12790.8737,FALSE,29068.44723,FALSE,15.3571428571422,NA,NA,NA,15.3571428571422,15.3571428571422,"7/26/2016",36.4,20.86,168.3571429,38.8,"",89.33,10.67,14.67,10.67,74.67,0,13.7185357142851,1.63860714285707,0.8933,2.11669170518979
"78","7/27/2016",2016,"D1","Metab1_2016_C25","2016_C25","C25",25,2,NA,"C",17.15484516,0,4.84,0.11,5.2,0.02,"AmbN","HighP","2016-06-03",95354.33542,7863.051471,FALSE,3146.626298,FALSE,11009.677769,FALSE,9.42400000000031,NA,NA,NA,9.42400000000031,9.42400000000031,"7/26/2016",23.3,17.03,142.4285714,14.8,"",100,0,1.31,0,98.69,0,9.42400000000031,0,1,6.90875477931522
"79","7/27/2016",2016,"D1","Metab1_2016_C26","2016_C26","C26",26,2,NA,"A",10.63156024,0,3.23,0.11,3.59,0.03,"AmbN","HighP","2016-06-03",95388.78167,555.8823529,FALSE,316.6566904,FALSE,872.5390433,FALSE,1.40853333333334,NA,NA,NA,1.40853333333334,1.40853333333334,"7/26/2016",18.5,10.49,19.92857143,8.4,"",100,0,72.73,0,27.27,0,1.40853333333334,0,1,6.90875477931522
"80","7/27/2016",2016,"D1","Metab1_2016_C27","2016_C27","C27",27,2,NA,"E",25.2363148,0,4.84,0.11,5.2,0.02,"AmbN","HighP","2016-06-03",91416.1675,2748.161765,FALSE,11074.82699,FALSE,13822.988755,FALSE,77.760000000001,NA,NA,NA,77.760000000001,77.760000000001,"7/26/2016",30.7,25.12,902.7857143,58.8,"",79.54,20.46,8.38,1.66,71.16,18.79,61.8503040000008,15.9096960000002,0.7954,1.35416903860903
"81","7/27/2016",2016,"D1","Metab1_2016_C28","2016_C28","C28",28,2,NA,"B",13.44511935,0,3.23,0.11,3.59,0.03,"AmbN","HighP","2016-06-03",87707.62792,4130.882353,FALSE,1422.145329,FALSE,5553.027682,FALSE,6.39360000000035,NA,NA,NA,6.39360000000035,6.39360000000035,"7/26/2016",21.8,13.29,329.2857143,17.2,"",100,0,2.42,0,97.58,0,6.39360000000035,0,1,6.90875477931522
"82","7/27/2016",2016,"D1","Metab1_2016_C29","2016_C29","C29",29,2,NA,"D",20.96240086,0,0.81,0.11,1.17,0.09,"AmbN","MedP","2016-06-03",85422.8,28327.20588,FALSE,5300.605536,FALSE,33627.811416,FALSE,13.4999999999991,NA,NA,NA,13.4999999999991,13.4999999999991,"7/26/2016",27.4,20.86,209.6428571,24,"",96.11,3.89,10.51,1.36,85.6,2.53,12.9748499999991,0.525149999999965,0.9611,3.1827420714714
"83","7/27/2016",2016,"D1","Metab1_2016_C3","2016_C3","C3",3,1,NA,"B",13.44511935,0,4.84,0.11,5.2,0.02,"AmbN","HighP","2016-06-03",99200.7,1991.176471,FALSE,1019.377163,FALSE,3010.553634,FALSE,3.27040000000016,NA,NA,NA,3.27040000000016,3.27040000000016,"7/25/2016",15.1,12.56,145.9285714,6.4,"",100,0,0,0,100,0,3.27040000000016,0,1,6.90875477931522
"84","7/27/2016",2016,"D1","Metab1_2016_C30","2016_C30","C30",30,2,NA,"D",20.96240086,0,6.45,0.11,6.81,0.02,"AmbN","HighP","2016-06-03",80891.41556,9122.023815,FALSE,5147.058824,FALSE,14269.082639,FALSE,14.5833333333336,NA,NA,NA,14.5833333333336,14.5833333333336,"7/26/2016",27.4,20.86,225.5,28,"",99.36,0.64,10.76,0.64,88.6,0,14.4900000000003,0.093333333333335,0.9936,4.90086064607052
"85","7/27/2016",2016,"D1","Metab1_2016_C4","2016_C4","C4",4,1,NA,"C",17.15484516,0,0.81,0.11,1.17,0.09,"AmbN","MedP","2016-06-03",97486.10444,12500.00001,FALSE,3529.411763,FALSE,16029.411773,FALSE,13.1600000000004,NA,NA,NA,13.1600000000004,13.1600000000004,"7/25/2016",18.2,16.35,112.3571429,7.2,"",98.91,1.09,74.32,1.09,24.59,0,13.0165560000004,0.143444000000004,0.9891,4.42126754801098
"86","7/27/2016",2016,"D1","Metab1_2016_C5","2016_C5","C5",5,1,NA,"C",17.15484516,0,1.61,0.11,1.97,0.06,"AmbN","MedP","2016-06-03",99053.73467,9553.571426,FALSE,8531.574394,FALSE,18085.14582,FALSE,24.8880000000005,NA,NA,NA,24.8880000000005,24.8880000000005,"7/25/2016",17.9,16.35,140.4285714,17.2,"",100,0,16.5,0,83.5,0,24.8880000000005,0,1,6.90875477931522
"87","7/27/2016",2016,"D1","Metab1_2016_C6","2016_C6","C6",6,1,NA,"E",25.2363148,0,0,0.11,0.36,0.31,"AmbN","AmbP","2016-06-03",98557.72667,15565.25735,FALSE,17802.76817,FALSE,33368.02552,FALSE,64.1920000000002,NA,NA,NA,64.1920000000002,64.1920000000002,"7/25/2016",24.5,23.92,340.0714286,31.6,"",94.79,5.21,39.59,1.64,55.21,3.56,60.8475968000002,3.34440320000001,0.9479,2.88312649073182
"88","7/27/2016",2016,"D1","Metab1_2016_C7","2016_C7","C7",7,1,NA,"A",10.63156024,0,6.45,0.11,6.81,0.02,"AmbN","HighP","2016-06-03",98167.35,138.2352941,FALSE,523.183391,FALSE,661.4186851,FALSE,1.97119999999998,NA,NA,NA,1.97119999999998,1.97119999999998,"7/25/2016",12.7,9.68,38.5,1.6,"",100,0,0,0,100,0,1.97119999999998,0,1,6.90875477931522
"89","7/27/2016",2016,"D1","Metab1_2016_C8","2016_C8","C8",8,1,NA,"A",10.63156024,0,0,0.11,0.36,0.31,"AmbN","AmbP","2016-06-03",97111.03667,76.47058824,FALSE,519.0311419,FALSE,595.50173014,FALSE,0.873600000000053,NA,NA,NA,0.873600000000053,0.873600000000053,"7/25/2016",12.4,9.68,49.71428571,2.8,"",96.72,3.28,9.84,3.28,86.89,0,0.844945920000051,0.0286540800000017,0.9672,3.35497787501662
"90","7/27/2016",2016,"D1","Metab1_2016_C9","2016_C9","C9",9,1,NA,"D",20.96240086,0,4.84,0.11,5.2,0.02,"AmbN","HighP","2016-06-03",96422.13375,14786.30515,FALSE,4830.233564,FALSE,19616.538714,FALSE,19.8320000000002,NA,NA,NA,19.8320000000002,19.8320000000002,"7/25/2016",21.8,20.04,198.0714286,8.4,"",97.84,2.16,22.5,0.47,75.34,1.69,19.4036288000002,0.428371200000004,0.9784,3.76899023298998
"91","8/2/2016",2016,"D2","Metab2_2016_C1","2016_C1","C1",1,1,NA,"A",11.01066367,0,1.61,0.11,1.97,0.06,"AmbN","MedP","2016-06-03",70359.00167,619.1176471,FALSE,774.3944637,FALSE,1393.5121108,FALSE,2.01142857142861,NA,NA,NA,2.01142857142861,2.01142857142861,"7/30/2016",16.8,11.12,78.78571429,4,"",96.67,3.33,0,3.33,96.67,0,1.94444800000004,0.0669805714285727,0.9667,3.339776767715
"92","8/2/2016",2016,"D2","Metab2_2016_C10","2016_C10","C10",10,1,NA,"E",25.44947561,0,1.61,0.11,1.97,0.06,"AmbN","MedP","2016-06-03",43629.9,16232.82968,FALSE,8440.743945,FALSE,24673.573625,FALSE,31.6000000000001,NA,NA,NA,31.6000000000001,31.6000000000001,"8/1/2016",23.5,25.51,331.7857143,35.2,"Redo, but not replacing 1st sampling",91.27,8.73,35.86,0,55.42,8.73,28.8413200000001,2.75868000000001,0.9127,2.33676218239466
"93","8/2/2016",2016,"D2","Metab2_2016_C11","2016_C11","C11",11,1,NA,"B",13.83630935,0,6.45,0.11,6.81,0.02,"AmbN","HighP","2016-06-03",40621.73,2504.411765,FALSE,1060.899654,FALSE,3565.311419,FALSE,6.60479999999995,NA,NA,NA,6.60479999999995,6.60479999999995,"7/30/2016",18.7,13.91,198.0714286,8.4,"",100,0,1.11,0,98.89,0,6.60479999999995,0,1,6.90875477931522
"94","8/2/2016",2016,"D2","Metab2_2016_C12","2016_C12","C12",12,1,NA,"C",17.26234222,0,3.23,0.11,3.59,0.03,"AmbN","HighP","2016-06-03",34800.57833,4857.536765,FALSE,2997.404844,FALSE,7854.941609,FALSE,6.74999999999981,NA,NA,NA,6.74999999999981,6.74999999999981,"7/30/2016",21.6,17.47,150.2857143,9.6,"",100,0,71.88,0,28.13,0,6.74999999999981,0,1,6.90875477931522
"95","8/2/2016",2016,"D2","Metab2_2016_C13","2016_C13","C13",13,1,NA,"E",25.44947561,0,3.23,0.11,3.59,0.03,"AmbN","HighP","2016-06-03",38623.93333,10748.10606,FALSE,4742.647059,FALSE,15490.753119,FALSE,19.7600000000001,NA,NA,NA,19.7600000000001,19.7600000000001,"7/30/2016",27.6,25.44,356,39.2,"",98.13,1.87,2.94,0,95.19,1.87,19.3904880000001,0.369512000000002,0.9813,3.90927812493688
"96","8/2/2016",2016,"D2","Metab2_2016_C14","2016_C14","C14",14,1,NA,"C",17.26234222,0,6.45,0.11,6.81,0.02,"AmbN","HighP","2016-06-03",29622.4,4287.683824,FALSE,3036.33218,FALSE,7324.016004,FALSE,4.58999999999987,NA,NA,NA,4.58999999999987,4.58999999999987,"7/30/2016",21.9,17.47,220.7142857,11.2,"",100,0,53.45,0,46.55,0,4.58999999999987,0,1,6.90875477931522
"97","8/2/2016",2016,"D2","Metab2_2016_C15","2016_C15","C15",15,1,NA,"A",11.01066367,0,0.81,0.11,1.17,0.09,"AmbN","MedP","2016-06-03",29622.4,617.6470588,FALSE,1085.813149,FALSE,1703.4602078,FALSE,3.66933333333316,NA,NA,NA,3.66933333333316,3.66933333333316,"7/30/2016",15.5,11.12,35.07142857,1.6,"",60.19,39.81,21.36,39.81,38.83,0,2.20857173333323,1.46076159999993,0.6019,0.412539333440672
"98","8/2/2016",2016,"D2","Metab2_2016_C16","2016_C16","C16",16,2,NA,"E",25.44947561,0,0.81,0.11,1.17,0.09,"AmbN","MedP","2016-06-03",96123.64083,29551.93015,FALSE,8589.965398,FALSE,38141.895548,FALSE,41.5800000000002,NA,NA,NA,41.5800000000002,41.5800000000002,"7/30/2016",27,25.44,231.2142857,25.6,"",85.74,14.26,2.69,0.09,83.06,14.17,35.6506920000002,5.92930800000003,0.8574,1.78803853470236
"99","8/2/2016",2016,"D2","Metab2_2016_C17","2016_C17","C17",17,2,NA,"B",13.83630935,0,1.61,0.11,1.97,0.06,"AmbN","MedP","2016-06-03",90382.86,4854.545454,FALSE,1810.380623,FALSE,6664.926077,FALSE,5.12,NA,NA,NA,5.12,5.12,NA,NA,NA,NA,NA,NA,100,0,0.25,0,99.75,0,5.12,0,1,6.90875477931522
"100","8/2/2016",2016,"D2","Metab2_2016_C18","2016_C18","C18",18,2,NA,"B",13.83630935,0,0.81,0.11,1.17,0.09,"AmbN","MedP","2016-06-03",101680.715,2786.764706,FALSE,1816.608997,FALSE,4603.373703,FALSE,4.5999999999999,NA,NA,NA,4.5999999999999,4.5999999999999,"7/30/2016",18.3,13.91,171.5714286,8,"",92.9,7.1,17.75,0,75.15,7.1,4.27339999999991,0.326599999999993,0.929,2.55851846713125
"101","8/2/2016",2016,"D2","Metab2_2016_C19","2016_C19","C19",19,2,NA,"D",20.65647205,0,1.61,0.11,1.97,0.06,"AmbN","MedP","2016-06-03",109488.1733,8546.305669,FALSE,4126.297578,FALSE,12672.603247,FALSE,10.08,NA,NA,NA,10.08,10.08,"7/30/2016",21.6,21.14,253,13.2,"",100,0,1.46,0,98.54,0,10.08,0,1,6.90875477931522
"102","8/2/2016",2016,"D2","Metab2_2016_C2","2016_C2","C2",2,1,NA,"B",13.83630935,0,0,0.11,0.36,0.31,"AmbN","AmbP","2016-06-03",75778.29792,2694.117647,FALSE,1312.110727,FALSE,4006.228374,FALSE,3.72184615384605,NA,NA,NA,3.72184615384605,3.72184615384605,"7/30/2016",20.8,13.91,147.8571429,7.2,"",100,0,0.39,0,99.61,0,3.72184615384605,0,1,6.90875477931522
"103","8/2/2016",2016,"D2","Metab2_2016_C20","2016_C20","C20",20,2,NA,"C",17.26234222,0,0,0.11,0.36,0.31,"AmbN","AmbP","2016-06-03",115550.4333,3910.845588,FALSE,2205.882353,FALSE,6116.727941,FALSE,8.61000000000045,NA,NA,NA,8.61000000000045,8.61000000000045,"7/30/2016",21.3,17.47,171.5,13.6,"",99.55,0.45,1.2,0.45,98.35,0,8.57125500000045,0.038745000000002,0.9955,5.19950104741441
"104","8/2/2016",2016,"D2","Metab2_2016_C21","2016_C21","C21",21,2,NA,"E",25.44947561,0,6.45,0.11,6.81,0.02,"AmbN","HighP","2016-06-03",143243.9358,15891.54412,FALSE,14072.23183,FALSE,29963.77595,FALSE,30.24,NA,NA,NA,30.24,30.24,"8/1/2016",16.4,25.51,756,37.6,"",85.39,14.61,18.66,3.47,66.74,11.14,25.821936,4.418064,0.8539,1.7598718754248
"105","8/2/2016",2016,"D2","Metab2_2016_C22","2016_C22","C22",22,2,NA,"A",11.01066367,0,4.84,0.11,5.2,0.02,"AmbN","HighP","2016-06-03",99143.29208,500,FALSE,1102.422145,FALSE,1602.422145,FALSE,3.35020408163256,NA,NA,NA,3.35020408163256,3.35020408163256,"8/1/2016",25.9,11.15,37.42857143,2.8,"",100,0,0,0,100,0,3.35020408163256,0,1,6.90875477931522
"106","8/2/2016",2016,"D2","Metab2_2016_C23","2016_C23","C23",23,2,NA,"D",20.65647205,0,3.23,0.11,3.59,0.03,"AmbN","HighP","2016-06-03",138054.275,102734.375,FALSE,2673.010381,FALSE,105407.385381,FALSE,6.76800000000033,NA,NA,NA,6.76800000000033,6.76800000000033,"8/1/2016",13,20.92,226.5,20.4,"",96.8,3.2,65.98,3.2,30.83,0,6.55142400000032,0.216576000000011,0.968,3.37975705042429
"107","8/2/2016",2016,"D2","Metab2_2016_C24","2016_C24","C24",24,2,NA,"D",20.65647205,0,0,0.11,0.36,0.31,"AmbN","AmbP","2016-06-03",154312.15,7369.025735,FALSE,4843.209343,FALSE,12212.235078,FALSE,13.2480000000004,NA,NA,NA,13.2480000000004,13.2480000000004,"8/1/2016",22.2,20.92,163.5,19.2,"",89.33,10.67,14.67,10.67,74.67,0,11.8344384000004,1.41356160000004,0.8933,2.11669170518979
"108","8/2/2016",2016,"D2","Metab2_2016_C25","2016_C25","C25",25,2,NA,"C",17.26234222,0,4.84,0.11,5.2,0.02,"AmbN","HighP","2016-06-03",192607.5308,5125.343404,FALSE,1972.318339,FALSE,7097.661743,FALSE,7.99999999999986,NA,NA,NA,7.99999999999986,7.99999999999986,"8/1/2016",19.8,17.44,119.3571429,4.4,"",100,0,1.31,0,98.69,0,7.99999999999986,0,1,6.90875477931522
"109","8/2/2016",2016,"D2","Metab2_2016_C26","2016_C26","C26",26,2,NA,"A",11.01066367,0,3.23,0.11,3.59,0.03,"AmbN","HighP","2016-06-03",97778.45484,220.967742,FALSE,1278.892734,FALSE,1499.860476,FALSE,2.04315565031979,NA,NA,NA,2.04315565031979,2.04315565031979,"8/1/2016",20.2,11.15,62.07142857,4,"",100,0,72.73,0,27.27,0,2.04315565031979,0,1,6.90875477931522
"110","8/2/2016",2016,"D2","Metab2_2016_C27","2016_C27","C27",27,2,NA,"E",25.44947561,0,4.84,0.11,5.2,0.02,"AmbN","HighP","2016-06-03",198401.3,12679.9226901854,TRUE,12991.99827,FALSE,25671.9209601854,TRUE,59.7999999999992,NA,NA,NA,59.7999999999992,59.7999999999992,"8/1/2016",15.1,25.51,570.6428571,50.4,"",79.54,20.46,8.38,1.66,71.16,18.79,47.5649199999994,12.2350799999998,0.7954,1.35416903860903
"111","8/2/2016",2016,"D2","Metab2_2016_C29","2016_C29","C29",29,2,NA,"D",20.65647205,0,0.81,0.11,1.17,0.09,"AmbN","MedP","2016-06-03",98718.47,8056.066176,FALSE,6014.273356,FALSE,14070.339532,FALSE,10.8266666666663,NA,NA,NA,10.8266666666663,10.8266666666663,"8/1/2016",17.4,20.92,232.5714286,14.8,"",96.11,3.89,10.51,1.36,85.6,2.53,10.405509333333,0.421157333333319,0.9611,3.1827420714714
"112","8/2/2016",2016,"D2","Metab2_2016_C3","2016_C3","C3",3,1,NA,"B",13.83630935,0,4.84,0.11,5.2,0.02,"AmbN","HighP","2016-06-03",75778.29792,2292.647059,FALSE,1052.595156,FALSE,3345.242215,FALSE,3.4559999999999,NA,NA,NA,3.4559999999999,3.4559999999999,"7/30/2016",20.2,13.91,250.7142857,5.2,"",100,0,0,0,100,0,3.4559999999999,0,1,6.90875477931522
"113","8/2/2016",2016,"D2","Metab2_2016_C30","2016_C30","C30",30,2,NA,"D",20.65647205,0,6.45,0.11,6.81,0.02,"AmbN","HighP","2016-06-03",98718.47,8954.503676,FALSE,4385.813149,FALSE,13340.316825,FALSE,6.60000000000016,NA,NA,NA,6.60000000000016,6.60000000000016,"8/1/2016",21.7,20.92,202.0714286,14,"",99.36,0.64,10.76,0.64,88.6,0,6.55776000000016,0.042240000000001,0.9936,4.90086064607052
"114","8/2/2016",2016,"D2","Metab2_2016_C4","2016_C4","C4",4,1,NA,"C",17.26234222,0,0.81,0.11,1.17,0.09,"AmbN","MedP","2016-06-03",70359.00167,8134.191176,FALSE,3422.361592,FALSE,11556.552768,FALSE,7.34666666666698,NA,NA,NA,7.34666666666698,7.34666666666698,"7/30/2016",21.8,17.47,250.7857143,16,"",98.91,1.09,74.32,1.09,24.59,0,7.26658800000031,0.0800786666666701,0.9891,4.42126754801098
"115","8/2/2016",2016,"D2","Metab2_2016_C5","2016_C5","C5",5,1,NA,"C",17.26234222,0,1.61,0.11,1.97,0.06,"AmbN","MedP","2016-06-03",65307.11375,5714.613971,FALSE,4382.569204,FALSE,10097.183175,FALSE,11.1599999999996,NA,NA,NA,11.1599999999996,11.1599999999996,"7/30/2016",23.2,17.47,248.1428571,10,"",100,0,16.5,0,83.5,0,11.1599999999996,0,1,6.90875477931522
"116","8/2/2016",2016,"D2","Metab2_2016_C6","2016_C6","C6",6,1,NA,"E",25.44947561,0,0,0.11,0.36,0.31,"AmbN","AmbP","2016-06-03",50559.0325,10186.4531096375,TRUE,6906.358131,FALSE,17092.8112406375,TRUE,12.3200000000003,NA,NA,NA,12.3200000000003,12.3200000000003,"7/30/2016",28.5,25.44,533.7857143,30,"",94.79,5.21,39.59,1.64,55.21,3.56,11.6781280000003,0.641872000000016,0.9479,2.88312649073182
"117","8/2/2016",2016,"D2","Metab2_2016_C7","2016_C7","C7",7,1,NA,"A",11.01066367,0,6.45,0.11,6.81,0.02,"AmbN","HighP","2016-06-03",54284.80542,211.7647059,FALSE,487.8892734,FALSE,699.6539793,FALSE,1.57142857142851,NA,NA,NA,1.57142857142851,1.57142857142851,"7/30/2016",15.8,11.12,57.5,3.6,"",100,0,0,0,100,0,1.57142857142851,0,1,6.90875477931522
"118","8/2/2016",2016,"D2","Metab2_2016_C8","2016_C8","C8",8,1,NA,"A",11.01066367,0,0,0.11,0.36,0.31,"AmbN","AmbP","2016-06-03",45409.545,472.0588235,FALSE,1127.33564,FALSE,1599.3944635,FALSE,3.20685714285706,NA,NA,NA,3.20685714285706,3.20685714285706,"7/30/2016",17,11.12,72.5,3.2,"",96.72,3.28,9.84,3.28,86.89,0,3.10167222857135,0.105184914285712,0.9672,3.35497787501662
"119","8/2/2016",2016,"D2","Metab2_2016_C9","2016_C9","C9",9,1,NA,"D",20.65647205,0,4.84,0.11,5.2,0.02,"AmbN","HighP","2016-06-03",45409.545,8724.724265,FALSE,3983.564014,FALSE,12708.288279,FALSE,11.3399999999999,NA,NA,NA,11.3399999999999,11.3399999999999,"7/30/2016",25.2,21.14,389.9285714,14,"",97.84,2.16,22.5,0.47,75.34,1.69,11.0950559999999,0.244943999999998,0.9784,3.76899023298998
"120","8/2/2016",2016,"D2","Metab2_2016_C28","2016_C28","C28",28,2,NA,"B",13.83630935,0,3.23,0.11,3.59,0.03,"AmbN","HighP","2016-06-03",NA,8315.47854692292,TRUE,1112.802768,FALSE,9428.28131492292,TRUE,9.99999999999979,NA,NA,NA,9.99999999999979,9.99999999999979,"8/1/2016",26.9,13.97,100.9285714,4.8,"",100,0,2.42,0,97.58,0,9.99999999999979,0,1,6.90875477931522
"121","7/11/2017",2017,"D1","Metab1_2017_C1","2017_C1","C1",1,1,"R1","D",16.78247155,0,0,0.11,0.36,0.31,"AmbN","AmbP","2017-05-24",165701.86,5287.224265,FALSE,2176.686851,FALSE,7463.911116,FALSE,8.49769411764711,"7/12/2017",222.7489724,84.72670637,10.6221176470588,11.568,"7/13/2017",21.4,16.9,27.92857143,NA,"",100,0,8.78,0,91.22,0,8.49769411764711,0,1,6.90875477931522
"122","7/11/2017",2017,"D1","Metab1_2017_C10","2017_C10","C10",10,1,"R1","E",19.84345372,0,0,0.11,0.36,0.31,"AmbN","AmbP","2017-05-24",128846.0254,3952.205882,FALSE,1618.728374,FALSE,5570.934256,FALSE,6.50059294117643,"7/12/2017",504.6134419,54.83209663,6.66773333333335,10.0832,"7/13/2017",23.3,13.7,61.42857143,NA,"",95.36,4.64,17.96,4.64,77.4,0,6.19896542870584,0.301627512470586,0.9536,3.00267017587077
"123","7/11/2017",2017,"D1","Metab1_2017_C11","2017_C11","C11",11,1,"R1","C",13.5308743,3.57,0,3.68,0.36,10.22,"MedN","AmbP","2017-05-24",171488.5175,28028.49265,FALSE,9186.851211,FALSE,37215.343861,FALSE,37.0944,"7/12/2017",1403.497752,190.6498013,24.3657788235294,25.1599999999999,"7/13/2017",18.9,8.6,8.857142857,NA,"",0,100,0,99.28,0,0.72,0,37.0944,0,-6.90875477931522
"124","7/11/2017",2017,"D1","Metab1_2017_C12","2017_C12","C12",12,1,"R1","A",8.448676735,3.57,0,3.68,0.36,10.22,"MedN","AmbP","2017-05-24",168457.385,15513.23529,FALSE,38730.10381,FALSE,54243.3391,FALSE,17.024,"7/12/2017",832.5113827,121.4691595,151.623755294118,20.048,"7/13/2017",14.9,19.9,15.42857143,NA,"",0,100,0,93.58,0,6.42,0,17.024,0,-6.90875477931522
"125","7/11/2017",2017,"D1","Metab1_2017_C13","2017_C13","C13",13,1,"R1","E",19.84345372,3.57,0,3.68,0.36,10.22,"MedN","AmbP","2017-05-24",59244.8625,17821.69118,FALSE,6361.375433,FALSE,24183.066613,FALSE,22.1432,"7/12/2017",1044.106213,100.7061384,34.1218666666666,36.7488,"7/13/2017",23.3,13.7,38.57142857,NA,"",2.32,97.68,0,95.13,2.32,2.09,0.51372224,21.62947776,0.0232,-3.6989525169819
"126","7/11/2017",2017,"D1","Metab1_2017_C14","2017_C14","C14",14,1,"R1","C",13.5308743,3.57,3.58,3.68,3.94,0.93,"MedN","HighP","2017-05-24",159501.7663,13028.49265,FALSE,4366.349481,FALSE,17394.842131,FALSE,29.1999999999998,"7/12/2017",1850.988912,120.4659511,29.3288000000001,13.4535999999999,"7/13/2017",18.9,13.7,14.57142857,NA,"",0,100,0,86.3,0,13.42,0,29.1999999999998,0,-6.90875477931522
"127","7/11/2017",2017,"D1","Metab1_2017_C15","2017_C15","C15",15,1,"R1","C",13.5308743,0,0,0.11,0.36,0.31,"AmbN","AmbP","2017-05-24",151694.3038,2242.647059,FALSE,1034.818339,FALSE,3277.465398,FALSE,3.04,"7/12/2017",277.6301975,76.90366593,2.95216188235293,5.67299999999999,"7/13/2017",18.2,13.7,17.5,NA,"",91.04,8.96,8.21,8.96,82.84,0,2.767616,0.272384,0.9104,2.30852766578085
"128","7/11/2017",2017,"D1","Metab1_2017_C16","2017_C16","C16",16,2,"R2","E",19.84345372,3.57,0,3.68,0.36,10.22,"MedN","AmbP","2017-05-24",145769.8175,31362.59191,FALSE,19625.86505,FALSE,50988.45696,FALSE,33.9947999999999,"7/12/2017",1722.919052,232.5636375,60.7771105882354,21.6804,"7/15/2017",18.5,11.2,2.714285714,NA,"",2.83,97.17,1.01,95.56,1.82,1.62,0.962052839999997,33.0327471599999,0.0283,-3.50248819385237
"129","7/11/2017",2017,"D1","Metab1_2017_C17","2017_C17","C17",17,2,"R2","B",10.97429799,3.57,0,3.68,0.36,10.22,"MedN","AmbP","2017-05-24",142738.685,2085.294118,FALSE,1550.865052,FALSE,3636.15917,FALSE,3.42576,"7/12/2017",114.2001163,75.39949833,2.9601,1.19811764705883,"7/15/2017",12.1,19.6,1.357142857,NA,"",0,100,0,100,0,0,0,3.42576,0,-6.90875477931522
"130","7/11/2017",2017,"D1","Metab1_2017_C18","2017_C18","C18",18,2,"R2","E",19.84345372,3.57,3.58,3.68,3.94,0.93,"MedN","HighP","2017-05-24",143197.9475,13212.26207,FALSE,8924.091696,FALSE,22136.353766,FALSE,22.632,"7/12/2017",314.311516,NA,32.0255999999999,23.5672,"7/15/2017",18.7,11.2,4.785714286,NA,"",4.65,95.35,1.59,94.42,3.05,0.93,1.052388,21.579612,0.0465,-3.00045793212521
"131","7/11/2017",2017,"D1","Metab1_2017_C19","2017_C19","C19",19,2,"R2","B",10.97429799,0,0,0.11,0.36,0.31,"AmbN","AmbP","2017-05-24",132129.735,1750,FALSE,334.2560554,FALSE,2084.2560554,FALSE,1.73264000000004,"7/12/2017",177.7433623,43.20863736,0.7104,1.62944,"7/15/2017",12.1,11.2,6.142857143,NA,"",100,0,0,0,100,0,1.73264000000004,0,1,6.90875477931522
"132","7/11/2017",2017,"D1","Metab1_2017_C2","2017_C2","C2",2,1,"R1","D",16.78247155,3.57,3.58,3.68,3.94,0.93,"MedN","HighP","2017-05-24",156516.61,22300.09191,FALSE,13290.44118,FALSE,35590.53309,FALSE,42.3102000000001,"7/12/2017",1000.093402,211.140487,26.3444,27.864,"7/13/2017",21.8,11.1,2.285714286,NA,"",3.87,96.13,0,87.04,3.87,5.42,1.63740474,40.6727952600001,0.0387,-3.18797506466921
"133","7/11/2017",2017,"D1","Metab1_2017_C20","2017_C20","C20",20,2,"R2","B",10.97429799,3.57,3.58,3.68,3.94,0.93,"MedN","HighP","2017-05-24",146917.9738,7675,FALSE,6982.98913007026,TRUE,14657.9891300703,TRUE,34.61648,"7/12/2017",456.1703482,215.7642877,10.3776,19.2864,"7/15/2017",12,8.7,1.714285714,NA,"",3,97,3,94.59,0,2.4,1.0384944,33.5779856,0.03,-3.44433926380618
"134","7/11/2017",2017,"D1","Metab1_2017_C21","2017_C21","C21",21,2,"R2","A",8.448676735,0,0,0.11,0.36,0.31,"AmbN","AmbP","2017-05-24",136584.5733,1721.69014289042,TRUE,1294.598962,FALSE,3016.28910489042,TRUE,2.72448000000002,"7/12/2017",165.3816751,46.87718536,0.544000000000002,1.16479999999998,"7/15/2017",10,13.8,2.142857143,NA,"",0,100,0,100,0,0,0,2.72448000000002,0,-6.90875477931522
"135","7/11/2017",2017,"D1","Metab1_2017_C22","2017_C22","C22",22,2,"R2","A",8.448676735,3.57,3.58,3.68,3.94,0.93,"MedN","HighP","2017-05-24",152038.7513,4382.352941,FALSE,1002.768166,FALSE,5385.121107,FALSE,5.45376,"7/12/2017",565.1382215,159.4875366,15.4752,14.5036,"7/15/2017",13,13.8,0.357142857,NA,"",0,100,0,77.14,0,22.86,0,5.45376,0,-6.90875477931522
"136","7/11/2017",2017,"D1","Metab1_2017_C23","2017_C23","C23",23,2,"R2","C",13.5308743,0,0,0.11,0.36,0.31,"AmbN","AmbP","2017-05-24",203981.3488,2154.411765,FALSE,1297.577855,FALSE,3451.98962,FALSE,1.93333333333334,"7/12/2017",203.030207,69.88853358,3.47543529411764,2.63883921568629,"7/15/2017",13.8,19.6,12.21428571,NA,"AFDM too low for mass-specific calculation",94.12,5.88,56.86,5.88,37.25,0,1.81965333333334,0.11368,0.9412,2.75721190530936
"137","7/11/2017",2017,"D1","Metab1_2017_C24","2017_C24","C24",24,2,"R2","E",19.84345372,0,0,0.11,0.36,0.31,"AmbN","AmbP","2017-05-24",57040.4025,5838.694853,FALSE,4080.882353,FALSE,9919.577206,FALSE,7.09060000000004,"7/12/2017",1372.650488,75.79236041,32.824,17.1287999999999,"7/15/2017",18.4,17,76.35714286,NA,"",100,0,0.8,0,99.2,0,7.09060000000004,0,1,6.90875477931522
"138","7/11/2017",2017,"D1","Metab1_2017_C25","2017_C25","C25",25,2,"R2","D",16.78247155,3.57,3.58,3.68,3.94,0.93,"MedN","HighP","2017-05-24",74813.85833,26155.79044,FALSE,18500.21626,FALSE,44656.0067,FALSE,7.09333333333337,"7/12/2017",1643.412516,157.212963,57.0172862745098,26.1648,"7/15/2017",14.9,17,6.5,NA,"",1,99,0.5,96.85,0.5,2.16,0.0709333333333337,7.02240000000004,0.01,-4.50081926153162
"139","7/11/2017",2017,"D1","Metab1_2017_C26","2017_C26","C26",26,2,"R2","D",16.78247155,0,0,0.11,0.36,0.31,"AmbN","AmbP","2017-05-24",70198.2725,8538.602941,FALSE,3295.373028,FALSE,11833.975969,FALSE,4.74776470588242,"7/12/2017",563.8376991,277.6651924,8.45859137254904,11.1355999999999,"7/15/2017",14.7,17,20.42857143,NA,"",100,0,0.83,0,99.17,0,4.74776470588242,0,1,6.90875477931522
"140","7/11/2017",2017,"D1","Metab1_2017_C27","2017_C27","C27",27,2,"R2","D",16.78247155,3.57,0,3.68,0.36,10.22,"MedN","AmbP","2017-05-24",64756.0125,14466.91176,FALSE,6591.695502,FALSE,21058.607262,FALSE,22.2719999999999,"7/12/2017",1447.699045,235.1764698,48.4219999999999,27.5216000000001,"7/15/2017",14.8,8.7,2.714285714,NA,"AFDM negative",0,100,0,95.87,0,4.13,0,22.2719999999999,0,-6.90875477931522
"141","7/11/2017",2017,"D1","Metab1_2017_C28","2017_C28","C28",28,2,"R2","A",8.448676735,3.57,0,3.68,0.36,10.22,"MedN","AmbP","2017-05-24",77339.8,12963.16964,FALSE,1841.387632,FALSE,14804.557272,FALSE,10.4252,"7/12/2017",601.0888694,317.1842349,11.8917,16.344,"7/15/2017",9.3,13.8,2.428571429,NA,"",4,96,0,96,4,0,0.417008,10.008192,0.04,-3.15440234226598
"142","7/11/2017",2017,"D1","Metab1_2017_C29","2017_C29","C29",29,2,"R2","C",13.5308743,3.57,0,3.68,0.36,10.22,"MedN","AmbP","2017-05-24",55111.5,23782.16912,FALSE,10656.35813,FALSE,34438.52725,FALSE,33.2432,"7/12/2017",1889.943038,163.2199308,25.16,30.7856,"7/15/2017",13.9,13.8,2.214285714,NA,"",1.42,98.58,1.42,98.58,0,0,0.47205344,32.77114656,0.0142,-4.17317195680297
"143","7/11/2017",2017,"D1","Metab1_2017_C3","2017_C3","C3",3,1,"R1","B",10.97429799,3.57,0,3.68,0.36,10.22,"MedN","AmbP","2017-05-24",146045.425,1889.705882,FALSE,2466.435986,FALSE,4356.141868,FALSE,2.56428172549021,"7/12/2017",221.7679084,59.76499414,1.63200000000001,3.23366588235295,"7/13/2017",16,8.6,6.357142857,NA,"AFDM negative",13.59,86.41,0,59.22,13.59,27.18,0.348485886494119,2.21579583899609,0.1359,-1.84359437489193
"144","7/11/2017",2017,"D1","Metab1_2017_C30","2017_C30","C30",30,2,"R2","C",13.5308743,3.57,3.58,3.68,3.94,0.93,"MedN","HighP","2017-05-24",81519.04667,22056.52574,FALSE,11759.29931,FALSE,33815.82505,FALSE,48.1712,"7/12/2017",1475.259111,NA,26.044,20.895,"7/15/2017",13.2,16.4,2.785714286,NA,"",3.38,96.62,3.38,96.62,0,0,1.62818656,46.54301344,0.0338,-3.32478791252015
"145","7/11/2017",2017,"D1","Metab1_2017_C4","2017_C4","C4",4,1,"R1","A",8.448676735,0,0,0.11,0.36,0.31,"AmbN","AmbP","2017-05-24",131303.065,775,FALSE,321.6318785,FALSE,1096.6318785,FALSE,1.20078550079491,"7/12/2017",324.1365118,31.4780466,0.569599999999992,1.29782964705882,"7/13/2017",14.2,11.1,5.857142857,NA,"",75,25,0,25,75,0,0.900589125596182,0.300196375198727,0.75,1.09595271263235
"146","7/11/2017",2017,"D1","Metab1_2017_C5","2017_C5","C5",5,1,"R1","B",10.97429799,3.57,3.58,3.68,3.94,0.93,"MedN","HighP","2017-05-24",164477.1178,2966.666667,FALSE,2108.538899,FALSE,5075.205566,FALSE,10.24224,"7/12/2017",210.8819257,193.0122544,5.62613333333334,6.93879999999994,"7/13/2017",16.4,16.9,14.21428571,NA,"",0.7,99.3,0.7,94.16,0,5.14,0.07169568,10.17054432,0.007,-4.82229566497674
"147","7/11/2017",2017,"D1","Metab1_2017_C6","2017_C6","C6",6,1,"R1","D",16.78247155,3.57,0,3.68,0.36,10.22,"MedN","AmbP","2017-05-24",127082.9867,18489.58333,FALSE,14458.26125,FALSE,32947.84458,FALSE,28.38,"7/12/2017",1006.540994,131.90724,22.4808,12.276,"7/13/2017",21.8,11.1,5.928571429,NA,"",2.78,97.22,2.22,86.11,0.56,11.11,0.788964,27.591036,0.0278,-3.52021422376747
"148","7/11/2017",2017,"D1","Metab1_2017_C7","2017_C7","C7",7,1,"R1","B",10.97429799,0,0,0.11,0.36,0.31,"AmbN","AmbP","2017-05-24",126756.4,1166.666667,FALSE,62.87344863,FALSE,1229.54011563,FALSE,0.785326829268292,"7/12/2017",202.3950046,30.99012683,0.854400000000002,2.24430682352939,"7/13/2017",11.6,8.6,9.857142857,NA,"",0,100,0,7.14,0,0,0,0.785326829268292,0,-6.90875477931522
"149","7/11/2017",2017,"D1","Metab1_2017_C8","2017_C8","C8",8,1,"R1","A",8.448676735,3.57,3.58,3.68,3.94,0.93,"MedN","HighP","2017-05-24",127100.8438,7051.930147,FALSE,953.7197232,FALSE,8005.6498702,FALSE,16.3856,"7/12/2017",665.2635474,256.0547891,10.136,13.398,"7/13/2017",13.8,19.9,8,NA,"",0,100,0,100,0,0,0,16.3856,0,-6.90875477931522
"150","7/11/2017",2017,"D1","Metab1_2017_C9","2017_C9","C9",9,1,"R1","E",19.84345372,3.57,3.58,3.68,3.94,0.93,"MedN","HighP","2017-05-24",127583.065,10181.52574,FALSE,55335.20761,FALSE,65516.73335,FALSE,53.5999999999999,"7/12/2017",1105.8182,112.2693172,35.3154000000001,40.1984000000001,"7/13/2017",23.2,19.9,18.5,NA,"",2.31,97.69,0,96.66,2.31,0.51,1.23816,52.3618399999999,0.0231,-3.70319557482162
"151","7/22/2017",2017,"D2","Metab2_2017_C1","2017_C1","C1",1,1,"R1","D",16.78838488,0,0,0.11,0.36,0.31,"AmbN","AmbP","2017-05-24",4644.295833,2980.238971,FALSE,1583.044983,FALSE,4563.283954,FALSE,12.4600068705883,"7/23/2017",400.1981613,196.5107167,9.10524705882353,12.626,"7/21/2017",17.2,16.4,11.28571429,NA,"",100,0,8.78,0,91.22,0,12.4600068705883,0,1,6.90875477931522
"152","7/22/2017",2017,"D2","Metab2_2017_C10","2017_C10","C10",10,1,"R1","E",19.14860883,0,0,0.11,0.36,0.31,"AmbN","AmbP","2017-05-24",5135.107083,2270.220588,FALSE,836.9377163,FALSE,3107.1583043,FALSE,8.16499999999999,"7/23/2017",713.8222837,74.15225303,15.3028,14.5008,"7/21/2017",19.1,13.6,14.92857143,NA,"",95.36,4.64,17.96,4.64,77.4,0,7.78614399999999,0.378856,0.9536,3.00267017587077
"153","7/22/2017",2017,"D2","Metab2_2017_C11","2017_C11","C11",11,1,"R1","C",13.29214803,3.57,0,3.68,0.36,10.22,"MedN","AmbP","2017-05-24",5135.107083,9643.841912,FALSE,4035.467128,FALSE,13679.30904,FALSE,24.7327999999999,"7/23/2017",1385.102831,233.5001281,24.7670588235294,27.075,"7/21/2017",13.4,8.7,3.785714286,NA,"",0,100,0,99.28,0,0.72,0,24.7327999999999,0,-6.90875477931522
"154","7/22/2017",2017,"D2","Metab2_2017_C12","2017_C12","C12",12,1,"R1","A",7.908630142,3.57,0,3.68,0.36,10.22,"MedN","AmbP","2017-05-24",5232.697917,3812.040441,FALSE,827.2058824,FALSE,4639.2463234,FALSE,17.7333333333332,"7/23/2017",912.8479762,181.120262,16.2268,17.2383498039216,"7/21/2017",9.1,17.7,4.857142857,NA,"",0,100,0,93.58,0,6.42,0,17.7333333333332,0,-6.90875477931522
"155","7/22/2017",2017,"D2","Metab2_2017_C13","2017_C13","C13",13,1,"R1","E",19.14860883,3.57,0,3.68,0.36,10.22,"MedN","AmbP","2017-05-24",5166.7,5769.761029,FALSE,3879.757785,FALSE,9649.518814,FALSE,22.6008,"7/23/2017",1785.159028,184.6972038,53.7590666666666,29.9637,"7/21/2017",17.8,13.6,8.928571429,NA,"",2.32,97.68,0,95.13,2.32,2.09,0.52433856,22.07646144,0.0232,-3.6989525169819
"156","7/22/2017",2017,"D2","Metab2_2017_C14","2017_C14","C14",14,1,"R1","C",13.29214803,3.57,3.58,3.68,3.94,0.93,"MedN","HighP","2017-05-24",5783.803333,6284.466912,FALSE,1832.82872,FALSE,8117.295632,FALSE,17.3952,"7/23/2017",770.2031803,60.20353409,13.452,11.9888,"7/21/2017",13,13.6,6.642857143,NA,"",0,100,0,86.3,0,13.42,0,17.3952,0,-6.90875477931522
"157","7/22/2017",2017,"D2","Metab2_2017_C15","2017_C15","C15",15,1,"R1","C",13.29214803,0,0,0.11,0.36,0.31,"AmbN","AmbP","2017-05-24",5997.645,1847.426471,FALSE,951.73454,FALSE,2799.161011,FALSE,5.94959999999998,"7/23/2017",1040.273405,98.93403416,8.41462222222223,4.2003111111111,"7/21/2017",13.4,17.7,5.857142857,NA,"",91.04,8.96,8.21,8.96,82.84,0,5.41651583999998,0.533084159999998,0.9104,2.30852766578085
"158","7/22/2017",2017,"D2","Metab2_2017_C16","2017_C16","C16",16,2,"R2","E",19.14860883,3.57,0,3.68,0.36,10.22,"MedN","AmbP","2017-05-24",30982.98583,14777.11397,FALSE,1612.240484,FALSE,16389.354454,FALSE,30.1608000000001,"7/23/2017",1164.451338,424.9255196,45.2423529411765,48.3836,"7/21/2017",17.6,10.9,6.571428571,NA,"",2.83,97.17,1.01,95.56,1.82,1.62,0.853550640000003,29.3072493600001,0.0283,-3.50248819385237
"159","7/22/2017",2017,"D2","Metab2_2017_C17","2017_C17","C17",17,2,"R2","B",10.65418589,3.57,0,3.68,0.36,10.22,"MedN","AmbP","2017-05-24",30302.70625,2957.261029,FALSE,1122.404844,FALSE,4079.665873,FALSE,2.96511585882353,"7/23/2017",560.0084974,51.57062876,5.06714999999999,4.84099999999999,"7/21/2017",11.2,17.7,4,NA,"",0,100,0,100,0,0,0,2.96511585882353,0,-6.90875477931522
"160","7/22/2017",2017,"D2","Metab2_2017_C18","2017_C18","C18",18,2,"R2","E",19.14860883,3.57,3.58,3.68,3.94,0.93,"MedN","HighP","2017-05-24",28442.69625,9852.941176,FALSE,6873.918685,FALSE,16726.859861,FALSE,19.872,"7/23/2017",894.0405368,102.4622107,38.6552,27.5199999999999,"7/21/2017",17.4,10.9,32.57142857,NA,"",4.65,95.35,1.59,94.42,3.05,0.93,0.924048,18.947952,0.0465,-3.00045793212521
"161","7/22/2017",2017,"D2","Metab2_2017_C19","2017_C19","C19",19,2,"R2","B",10.65418589,0,0,0.11,0.36,0.31,"AmbN","AmbP","2017-05-24",27598.80208,1042.647059,FALSE,354.880187,FALSE,1397.527246,FALSE,1.61616,"7/23/2017",311.674823,41.18515066,1.00538181818182,1.62250666666667,"7/21/2017",11.3,10.9,4.214285714,NA,"",100,0,0,0,100,0,1.61616,0,1,6.90875477931522
"162","7/22/2017",2017,"D2","Metab2_2017_C2","2017_C2","C2",2,1,"R1","D",16.78838488,3.57,3.58,3.68,3.94,0.93,"MedN","HighP","2017-05-24",4664.385417,6270.680147,FALSE,4200.908304,FALSE,10471.588451,FALSE,30.7216,"7/23/2017",631.5092717,112.5634354,54.8988235294118,48.9896,"7/21/2017",17.5,10.9,10.07142857,NA,"",3.87,96.13,0,87.04,3.87,5.42,1.18892592,29.53267408,0.0387,-3.18797506466921
"163","7/22/2017",2017,"D2","Metab2_2017_C20","2017_C20","C20",20,2,"R2","B",10.65418589,3.57,3.58,3.68,3.94,0.93,"MedN","HighP","2017-05-24",26642.9625,2644.761029,FALSE,1070.50173,FALSE,3715.262759,FALSE,4.63199999999997,"7/23/2017",192.921146,46.03326364,3.6076,2.96064000000002,"7/21/2017",11.3,13.6,4.857142857,NA,"",3,97,3,94.59,0,2.4,0.138959999999999,4.49303999999997,0.03,-3.44433926380618
"164","7/22/2017",2017,"D2","Metab2_2017_C21","2017_C21","C21",21,2,"R2","A",7.908630142,0,0,0.11,0.36,0.31,"AmbN","AmbP","2017-05-24",12051.34458,282.3529412,FALSE,295.1015805,FALSE,577.4545217,FALSE,1.55231999999999,"7/23/2017",281.8465592,48.74386761,0.864727272727271,1.31328,"7/21/2017",9.2,8.7,2.785714286,NA,"",0,100,0,100,0,0,0,1.55231999999999,0,-6.90875477931522
"165","7/22/2017",2017,"D2","Metab2_2017_C22","2017_C22","C22",22,2,"R2","A",7.908630142,3.57,3.58,3.68,3.94,0.93,"MedN","HighP","2017-05-24",17644.2875,2520.680147,FALSE,846.6695502,FALSE,3367.3496972,FALSE,4.77480000000003,"7/23/2017",349.9982856,NA,5.25866666666667,5.50124999999997,"7/21/2017",9.3,13.6,3.571428571,NA,"",0,100,0,77.14,0,22.86,0,4.77480000000003,0,-6.90875477931522
"166","7/22/2017",2017,"D2","Metab2_2017_C23","2017_C23","C23",23,2,"R2","C",13.29214803,0,0,0.11,0.36,0.31,"AmbN","AmbP","2017-05-24",18914.43542,2922.794118,FALSE,875.8650519,FALSE,3798.6591699,FALSE,5.11666666666665,"7/23/2017",269.2026055,69.87912351,7.09333333333334,6.44359999999999,"7/21/2017",13.8,17.7,3.928571429,NA,"",94.12,5.88,56.86,5.88,37.25,0,4.81580666666665,0.300859999999999,0.9412,2.75721190530936
"167","7/22/2017",2017,"D2","Metab2_2017_C24","2017_C24","C24",24,2,"R2","E",19.14860883,0,0,0.11,0.36,0.31,"AmbN","AmbP","2017-05-24",15349.41042,6201.746324,FALSE,1900.951557,FALSE,8102.697881,FALSE,7.7924,"7/23/2017",703.0443775,67.31231247,8.90623999999998,11.92,"7/21/2017",18.2,16.4,18.07142857,NA,"",100,0,0.8,0,99.2,0,7.7924,0,1,6.90875477931522
"168","7/22/2017",2017,"D2","Metab2_2017_C25","2017_C25","C25",25,2,"R2","D",16.78838488,3.57,3.58,3.68,3.94,0.93,"MedN","HighP","2017-05-24",13231.08583,8249.080882,FALSE,3269.896194,FALSE,11518.977076,FALSE,8.16666666666664,"7/23/2017",2276.096043,85.36482655,34.0516,43.74,"7/21/2017",16,16.4,3.785714286,NA,"",1,99,0.5,96.85,0.5,2.16,0.0816666666666664,8.08499999999997,0.01,-4.50081926153162
"169","7/22/2017",2017,"D2","Metab2_2017_C26","2017_C26","C26",26,2,"R2","D",16.78838488,0,0,0.11,0.36,0.31,"AmbN","AmbP","2017-05-24",11043.82708,6148.897059,FALSE,1775.453012,FALSE,7924.350071,FALSE,26.5499999999999,"7/23/2017",741.4304696,103.2923136,13.332,10.9009333333334,"7/21/2017",16.6,16.4,48.57142857,NA,"AFDM too low for mass-specific calculation",100,0,0.83,0,99.17,0,26.5499999999999,0,1,6.90875477931522
"170","7/22/2017",2017,"D2","Metab2_2017_C27","2017_C27","C27",27,2,"R2","D",16.78838488,3.57,0,3.68,0.36,10.22,"MedN","AmbP","2017-05-24",9894.2375,7309.283088,FALSE,3860.294118,FALSE,11169.577206,FALSE,33.408,"7/23/2017",1596.422847,222.886658,58.1677176470589,54.18,"7/21/2017",16.4,8.7,3.714285714,NA,"",0,100,0,95.87,0,4.13,0,33.408,0,-6.90875477931522
"171","7/22/2017",2017,"D2","Metab2_2017_C28","2017_C28","C28",28,2,"R2","A",7.908630142,3.57,0,3.68,0.36,10.22,"MedN","AmbP","2017-05-24",9442.152083,4140.625,FALSE,1884.731834,FALSE,6025.356834,FALSE,12.7568,"7/23/2017",912.2486474,145.126975,12.45312,12.2688,"7/21/2017",9.1,13.6,3.428571429,NA,"",4,96,0,96,4,0,0.510272,12.246528,0.04,-3.15440234226598
"172","7/22/2017",2017,"D2","Metab2_2017_C29","2017_C29","C29",29,2,"R2","C",13.29214803,3.57,0,3.68,0.36,10.22,"MedN","AmbP","2017-05-24",8783.4,8584.558824,FALSE,3720.804498,FALSE,12305.363322,FALSE,43.3424000000001,"7/23/2017",1659.768464,333.8254492,26.2807999999999,40.0506666666666,"7/21/2017",14,13.6,3.642857143,NA,"",1.42,98.58,1.42,98.58,0,0,0.615462080000001,42.7269379200001,0.0142,-4.17317195680297
"173","7/22/2017",2017,"D2","Metab2_2017_C3","2017_C3","C3",3,1,"R1","B",10.65418589,3.57,0,3.68,0.36,10.22,"MedN","AmbP","2017-05-24",4894.002083,1562.5,FALSE,905.0605536,FALSE,2467.5605536,FALSE,2.52857142857143,"7/23/2017",592.7295764,56.01930455,2.03644444444446,2.29216000000001,"7/21/2017",12.8,8.7,3.571428571,NA,"",13.59,86.41,0,59.22,13.59,27.18,0.343632857142857,2.18493857142857,0.1359,-1.84359437489193
"174","7/22/2017",2017,"D2","Metab2_2017_C30","2017_C30","C30",30,2,"R2","C",13.29214803,3.57,3.58,3.68,3.94,0.93,"MedN","HighP","2017-05-24",8499.234167,13299.63235,FALSE,5735.294118,FALSE,19034.926468,FALSE,58.2608417882353,"7/23/2017",2013.803067,48.0237934,45.5386039215687,20.5208,"7/21/2017",13.9,13.6,3.642857143,NA,"",3.38,96.62,3.38,96.62,0,0,1.96921645244235,56.291625335793,0.0338,-3.32478791252015
"175","7/22/2017",2017,"D2","Metab2_2017_C4","2017_C4","C4",4,1,"R1","A",7.908630142,0,0,0.11,0.36,0.31,"AmbN","AmbP","2017-05-24",4776.321667,95.58823529,FALSE,112.4626122,FALSE,208.05084749,FALSE,3.52864065882353,"7/23/2017",196.9720418,30.96700969,1.46349176470589,1.37765647058824,"7/21/2017",10.5,10.9,5.071428571,NA,"",75,25,0,25,75,0,2.64648049411765,0.882160164705883,0.75,1.09595271263235
"176","7/22/2017",2017,"D2","Metab2_2017_C5","2017_C5","C5",5,1,"R1","B",10.65418589,3.57,3.58,3.68,3.94,0.93,"MedN","HighP","2017-05-24",4830.85625,1734.834559,FALSE,908.3044983,FALSE,2643.1390573,FALSE,2.55995833333333,"7/23/2017",51.2262124,51.59304527,3.03221818181817,4.29155555555555,"7/21/2017",12.5,16.4,3.714285714,NA,"",0.7,99.3,0.7,94.16,0,5.14,0.0179197083333333,2.542038625,0.007,-4.82229566497674
"177","7/22/2017",2017,"D2","Metab2_2017_C6","2017_C6","C6",6,1,"R1","D",16.78838488,3.57,0,3.68,0.36,10.22,"MedN","AmbP","2017-05-24",4664.385417,6741.727941,FALSE,4911.33218,FALSE,11653.060121,FALSE,23.4752000000001,"7/23/2017",2103.272966,177.8340086,32.7505160784314,32.912,"7/21/2017",17.4,10.9,4.571428571,NA,"",2.78,97.22,2.22,86.11,0.56,11.11,0.652610560000003,22.8225894400001,0.0278,-3.52021422376747
"178","7/22/2017",2017,"D2","Metab2_2017_C7","2017_C7","C7",7,1,"R1","B",10.65418589,0,0,0.11,0.36,0.31,"AmbN","AmbP","2017-05-24",4730.398333,611.7647059,FALSE,411.0726644,FALSE,1022.8373703,FALSE,1.81055999999999,"7/23/2017",219.3550744,51.82694959,1.43136,1.4729856684492,"7/21/2017",12.8,8.7,3.5,NA,"",0,100,0,7.14,0,0,0,1.81055999999999,0,-6.90875477931522
"179","7/22/2017",2017,"D2","Metab2_2017_C8","2017_C8","C8",8,1,"R1","A",7.908630142,3.57,3.58,3.68,3.94,0.93,"MedN","HighP","2017-05-24",6119.633333,5123.106058,FALSE,857.0703497,FALSE,5980.1764077,FALSE,14.8263999999999,"7/23/2017",731.9890141,112.8841425,14.7152000000001,18.33728,"7/21/2017",10.7,17.7,3.785714286,NA,"",0,100,0,100,0,0,0,14.8263999999999,0,-6.90875477931522
"180","7/22/2017",2017,"D2","Metab2_2017_C9","2017_C9","C9",9,1,"R1","E",19.14860883,3.57,3.58,3.68,3.94,0.93,"MedN","HighP","2017-05-24",4776.321667,3821.231618,FALSE,6319.204152,FALSE,10140.43577,FALSE,36.9972,"7/23/2017",1035.436216,7.458703252,46.1413333333333,37.4386666666667,"7/21/2017",18.6,17.7,6.714285714,NA,"",2.31,97.69,0,96.66,2.31,0.51,0.85463532,36.14256468,0.0231,-3.70319557482162
