,MetDate,Year,ID2,ID3,channel,repF,tempF,MeanPre2wksTemp,N_tr_uM,P_tr_uM,N_uM,P_uM,NPratio,NEP_uM_C_m2h,R_uM_C_m2h,GPP_uM_C_m2h,GPP_uM_CperL,AFDM_mg,lightL,UpDate,NUp_uM_N_m2_hr,PUp_uM_P_m2_hr,NupAFDM_mg,PupAFDM_mg,NfixDate,T2_chambtempC,MeanPre2wksTempC_Nfixn,AFDM_Nfixn_g,Nfix_uM_N_m2h,Nfix_uM_N_mgAFDM,Comments,RelBV_allN2fixers,RelBV_allnonN2fixers,RelBV_N2fix_diatoms,RelBV_nonN2fix_diatoms,RelBV_N2fix_Cyanos,RelBV_otheralgalgroups,BV_Nfix_mg,BV_nonNfix_mg,P_uM.stoich,P_uM.areal,perP,Samplewt_g,C_uM.stoich,N_uM.stoich,C_uM.areal,N_uM.areal,CNratio_molar,perC,perN,afdm_g_m2,CPratio_areal,NPratio_areal,CPratio_per,NPratio_per,Pred_N_dem,Pred_P_dem
1,7/15/2015,2015,Metab1_2015_C1,2015_C1,C1,NA,A,9.465573928,3.57,0,3.68,0.36,10.22,3630.514706,761.0056048,4391.520311,0.120278223,53.2,36511.35,7/20/2015,2322.214286,NA,24.9,NA,7/16/2015,14,12.1,0.041,7.642857143,0.000428571,,0.43,99.57,0,90.49,0.43,9.08,0.22876,52.97124,0.36,2736,0.28,0.0039,100.8566667,6.695714286,766510.6667,50887.42857,15.06286893,20.86689655,1.616206897,21.28,280.1574074,18.59920635,74.52463054,5.772167488,291.5460748,15.675189
2,7/15/2015,2015,Metab1_2015_C10,2015_C10,C10,NA,E,24.94280331,3.57,0,3.68,0.36,10.22,17695.74177,7386.461938,25082.20371,0.706260482,133.4,35514.09762,7/20/2015,1087.493888,NA,22.3,NA,7/16/2015,30.5,27.9,0.138,38,0.000642857,,0.65,99.35,0,28.26,0.65,70.44,0.8671,132.5329,0.31,11408,0.19,0.0052,70.9575,6.66,2611236,245088,10.65427928,17.0298,1.8648,53.36,228.8951613,21.48387097,89.63052632,9.814736842,2354.19056,109.5794405
3,7/15/2015,2015,Metab1_2015_C11,2015_C11,C11,NA,B,13.14945902,14.29,0,14.4,0.36,40,1233.915441,9258.217993,10492.13343,0.137956679,96.6,76053.8275,7/20/2015,1817.542349,NA,32.9,NA,7/17/2015,24.5,19,0.086,17.64285714,5.00E-04,,0.22,99.78,0,70.97,0.22,24.39,0.21252,96.38748,0.2,6720,0.2,0.0031,39.645,4.452142857,1332072,149592,8.904700786,15.34645161,2.010645161,38.64,198.225,22.26071429,76.73225806,10.05322581,1178.269061,52.93042469
4,7/15/2015,2015,Metab1_2015_C12,2015_C12,C12,NA,C,16.61711573,7.14,0,7.25,0.36,20.14,21052.38971,6588.451557,27640.84126,0.352579487,127.5,78396.05625,7/20/2015,1737.37833,NA,30.5,NA,7/17/2015,22,20.4,0.118,12.28571429,0.000285714,,2.97,97.03,1.61,96.78,1.36,0.25,3.78675,123.71325,0.68,12240,0.24,0.0088,106.1658333,13.15428571,1910985,236777.1429,8.070817043,15.924875,2.302,51,156.1262255,19.34453782,66.35364583,9.591666667,3424.788484,177.0416288
5,7/15/2015,2015,Metab1_2015_C13,2015_C13,C13,NA,E,24.94280331,7.14,0,7.25,0.36,20.14,12033.54779,10027.03287,22060.58067,0.291120218,376.6,75778.25,7/20/2015,2642.993434,NA,31.3,NA,7/17/2015,31.6,30.2,0.092,10.85714286,0.000285714,,0.1,99.9,0.1,96.38,0,1.24,0.3766,376.2234,0.28,4704,0.15,0.0058,67.34833333,7.466428571,1131452,125436,9.020153704,16.1636,2.0906,150.64,240.5297619,26.66581633,107.7573333,13.93733333,2445.698975,91.71663619
6,7/15/2015,2015,Metab1_2015_C14,2015_C14,C14,NA,C,16.61711573,14.29,0,14.4,0.36,40,10353.86029,6474.913495,16828.77379,0.222079209,68.93333333,75778.25,7/20/2015,3290.152288,NA,25.1,NA,7/17/2015,22,20.4,0.081,10.42857143,0.000285714,,0,100,0,98.42,0,1.58,0,68.93333333,0.42,7896,0.25,0.0053,71.13666667,9.359285714,1337369.333,175954.5714,7.60065125,17.0728,2.6206,27.57333333,169.3730159,22.28401361,68.2912,10.4824,2214.122611,99.35923796
7,7/15/2015,2015,Metab1_2015_C15,2015_C15,C15,NA,A,9.465573928,1.79,0,1.9,0.36,5.28,1383.272059,2468.641869,3851.913927,0.052957732,59.22,72735.62917,7/20/2015,1858.588668,NA,5.7,NA,7/17/2015,18.3,14.1,0.097,4.357142857,0.000142857,,3.33,96.67,0,91,3.33,5.67,1.972026,57.247974,0.3,5640,0.2,0.0045,40.335,4.189285714,758298,78758.57143,9.628132992,16.69034483,2.022413793,23.688,134.45,13.96428571,83.45172414,10.11206897,400.068625,28.6494156
8,7/15/2015,2015,Metab1_2015_C16,2015_C16,C16,NA,E,24.94280331,1.79,0,1.9,0.36,5.28,13552.38971,10711.50519,24263.8949,0.336244104,78.32,72161.5475,7/20/2015,2645.303784,NA,30.4,NA,7/17/2015,31.7,30.3,0.057,221.2142857,0.0095,,8.01,91.99,5.34,91.15,2.67,0.83,6.273432,72.046568,0.36,6336,0.21,0.0053,75.74333333,7.928571429,1333082.667,139542.8571,9.553213213,16.83185185,2.055555556,31.328,210.3981481,22.02380952,80.15167549,9.788359788,2539.867409,115.3237094
9,7/15/2015,2015,Metab1_2015_C17,2015_C17,C17,NA,B,13.14945902,3.57,0,3.68,0.36,10.22,34.46691176,6588.451557,6622.918469,0.086767649,54.46666667,76329.3525,7/20/2015,1182.77473,NA,49.5,NA,7/17/2015,23.3,18,0.171,108.8571429,0.001571429,,0,100,0,100,0,0,0,54.46666667,0.49,4214,0.25,0.0062,84.39333333,8.218571429,725782.6667,70679.71429,10.26861348,11.00782609,1.250652174,21.78666667,172.2312925,16.77259475,44.03130435,5.002608696,644.9671598,38.45363042
10,7/15/2015,2015,Metab1_2015_C18,2015_C18,C18,NA,B,13.14945902,1.79,0,1.9,0.36,5.28,1252.297794,11558.17474,12810.47253,0.17060307,56.94,75089.34375,7/20/2015,1955.034675,NA,13.6,NA,7/17/2015,22.4,18.1,0.048,415.3571429,0.021,,94.07,5.93,0,5.93,94.07,0,53.563458,3.376542,0.61,4758,0.29,0.0065,84.08333333,7.005714286,655850,54644.57143,12.00210712,19.78431373,1.923137255,22.776,137.8415301,11.48477752,68.22177147,6.631507776,1067.351958,92.93623286
11,7/15/2015,2015,Metab1_2015_C19,2015_C19,C19,NA,D,20.12833665,3.57,0,3.68,0.36,10.22,15592.83088,7710.856401,23303.68728,0.303115837,99.76666667,76880.4675,7/20/2015,2966.217731,NA,19.8,NA,7/17/2015,26.3,24.7,0.076,9.142857143,0.000285714,,1.75,98.25,0.62,96.4,1.13,1.85,1.745916667,98.02075,0.7,11480,0.21,0.0105,81.92,8.957142857,1343488,146897.1429,9.145773525,14.04342857,1.791428571,39.90666667,117.0285714,12.79591837,66.87346939,8.530612245,2548.028029,199.1281872
12,7/15/2015,2015,Metab1_2015_C2,2015_C2,C2,NA,B,13.14945902,0,0,0.11,0.36,0.31,NA,755.8391003,NA,NA,7.56,74199.55625,7/20/2015,183.9251212,NA,3,NA,7/16/2015,17.5,15.5,0.001,23.64285714,0.042571429,,0,100,0,100,0,0,0,7.56,0.01,21.18,0.07,6.00E-04,17.59666667,0.727142857,31674,1308.857143,24.19973805,21.116,1.018,3.024,1495.467422,61.79684338,301.6571429,14.54285714,NA,NA
13,7/15/2015,2015,Metab1_2015_C20,2015_C20,C20,NA,C,16.61711573,0,0,0.11,0.36,0.31,NA,236.8079585,NA,NA,8.909090909,75732.31125,7/20/2015,-190.414126,NA,3.1,NA,7/17/2015,22.4,20.9,0.017,33.85714286,0.004785714,,48.08,51.92,19.23,51.92,28.85,0,4.283490909,4.6256,0.21,620.87,0.21,0.0031,60.45083333,4.860714286,174921.5603,14065.04559,12.43661523,25.01413793,2.346551724,3.563636364,281.7362093,22.65376905,119.1149425,11.17405583,NA,NA
14,7/15/2015,2015,Metab1_2015_C21,2015_C21,C21,NA,E,24.94280331,14.29,0,14.4,0.36,40,1767.003676,7519.463668,9286.467344,0.119294457,96,77844.91875,7/20/2015,2223.959723,NA,18.9,NA,7/17/2015,32.1,30.8,0.356,18.21428571,0.000142857,,0,100,0,100,0,0,0,96,0.61,9760,0.15,0.013,90.00333333,9.036428571,1440053.333,144582.8571,9.960055859,15.21183099,1.781830986,38.4,147.5464481,14.81381733,101.4122066,11.87887324,932.3710104,62.93928092
15,7/15/2015,2015,Metab1_2015_C22,2015_C22,C22,NA,A,9.465573928,10.71,0,10.82,0.36,30.06,1415.441176,4891.868512,6307.309689,0.079384822,135.24,79452.3375,7/20/2015,367.9910609,NA,32.6,NA,7/17/2015,18.4,14.1,0.065,12.92857143,5.00E-04,,0,100,0,100,0,0,0,135.24,0.4,7840,0.26,0.0048,48.69,6.03,954324,118188,8.074626866,16.69371429,2.412,54.096,121.725,15.075,64.20659341,9.276923077,781.1270779,51.81605823
16,7/15/2015,2015,Metab1_2015_C23,2015_C23,C23,NA,D,20.12833665,7.14,0,7.25,0.36,20.14,3559.283088,8356.401384,11915.68447,0.15040744,51,79222.70625,7/20/2015,1085.945763,NA,23,NA,7/17/2015,26.4,24.8,0.04,27.92857143,0.001714286,,42.27,57.73,1.13,53.76,41.13,3.97,21.5577,29.4423,0.21,3528,0.28,0.0023,57.23583333,5.212857143,961562,87576,10.97974331,20.20088235,2.146470588,20.4,272.5515873,24.82312925,72.1460084,7.665966387,1085.242536,43.71900597
17,7/15/2015,2015,Metab1_2015_C24,2015_C24,C24,NA,D,20.12833665,0,0,0.11,0.36,0.31,12568.93382,8379.108997,20948.04282,0.266155458,33.83333333,78706.0425,7/20/2015,549.7542703,NA,8.5,NA,7/17/2015,27.1,24.4,0.017,245.9285714,0.034357143,,100,0,2.85,0,97.15,0,33.83333333,0,0.11,1540,0.33,0.001,35.16583333,3.709285714,164107.2222,17310,9.480486552,26.374375,3.245625,13.53333333,106.5631313,11.24025974,79.92234848,9.835227273,2209.595753,196.5787094
18,7/15/2015,2015,Metab1_2015_C25,2015_C25,C25,NA,C,16.61711573,10.71,0,10.82,0.36,30.06,15721.50735,6150.519031,21872.02638,0.277895136,150,78706.0425,7/20/2015,676.0984463,NA,14.4,NA,7/17/2015,28,20.8,0.101,9.214285714,0.000214286,,0,100,0,90.09,0,9.91,0,150,0.4,14400,0.3,0.0041,62.65166667,8.508571429,2255460,306308.5714,7.363359078,16.34391304,2.589565217,60,156.6291667,21.27142857,54.47971014,8.631884058,2970.387041,139.642104
19,7/15/2015,2015,Metab1_2015_C27,2015_C27,C27,NA,E,24.94280331,10.71,0,10.82,0.36,30.06,18138.78676,6361.375433,24500.1622,0.173937955,120.8666667,140855.7567,7/20/2015,347.9279633,NA,NA,NA,7/17/2015,32.7,29.8,0.082,44.21428571,0.001285714,,0.47,99.53,0.47,94.91,0,1.02,0.568073333,120.2985933,0.44,8624,0.23,0.0058,67.545,7.199285714,1323882,141106,9.382180772,18.012,2.239777778,48.34666667,153.5113636,16.36201299,78.31304348,9.738164251,2611.350473,159.5983621
20,7/15/2015,2015,Metab1_2015_C28,2015_C28,C28,NA,B,13.14945902,7.14,0,7.25,0.36,20.14,7392.003676,4564.230104,11956.23378,0.112699394,29.82692308,106089.6013,7/20/2015,-201.8790195,NA,5.6,NA,7/17/2015,23,18.1,0.029,10.14285714,0.000857143,,2.21,97.79,2.21,90.61,0,7.18,0.659175,29.16774808,0.25,3133.33,0.23,0.0033,52.85666667,6.478571429,662470.2222,81198.09524,8.158691657,17.1427027,2.451351351,11.93076923,211.4268916,25.91431328,74.53349001,10.65804935,1465.459694,56.55020367
21,7/15/2015,2015,Metab1_2015_C29,2015_C29,C29,NA,D,20.12833665,1.79,0,1.9,0.36,5.28,13152.57353,3487.240484,16639.81401,0.170101457,216.72,97822.8775,7/20/2015,2239.473374,NA,56.7,NA,7/17/2015,26.8,24.5,0.084,381.4285714,0.011071429,,60.17,39.83,2.37,39.83,57.8,0,130.400424,86.319576,0.53,5936,0.19,0.0084,128.7608333,11.81428571,1442121.333,132320,10.89874043,15.29831683,1.637623762,86.688,242.9449686,22.29110512,80.51745701,8.619072434,1526.76487,68.49211207
22,7/15/2015,2015,Metab1_2015_C3,2015_C3,C3,NA,B,13.14945902,10.71,0,10.82,0.36,30.06,NA,7590.83045,NA,NA,188.65,138536.4625,7/20/2015,1291.992027,NA,14.1,NA,7/16/2015,17.5,15.5,0.046,9.785714286,5.00E-04,,1.11,98.89,2.23,92.62,0,5.15,2.094015,186.555985,0.22,8624,0.27,0.0026,43.865,4.592142857,1719508,180012,9.55218541,20.24538462,2.472692308,75.46,199.3863636,20.87337662,74.98290598,9.158119658,NA,NA
23,7/15/2015,2015,Metab1_2015_C30,2015_C30,C30,NA,D,20.12833665,14.29,0,14.4,0.36,40,26073.06985,40467.91442,66540.98427,0.720829172,156.4,92311.725,7/20/2015,2380.019364,NA,-19.8,NA,7/17/2015,26,24.5,0.087,10.21428571,0.000285714,,0,100,0,98.56,0,1.44,0,156.4,0.25,4600,0.2,0.0039,75.65,8.482142857,1391960,156071.4286,8.918736842,17.12830189,2.240566038,62.56,302.6,33.92857143,85.64150943,11.20283019,7460.808122,219.8975026
24,7/15/2015,2015,Metab1_2015_C4,2015_C4,C4,NA,C,16.61711573,1.79,0,1.9,0.36,5.28,103489.5833,17030.70934,120520.2927,0.874738332,227.7,137778.68,7/20/2015,1069.426381,NA,16.1,NA,7/16/2015,20.7,18,0.091,29.14285714,0.000785714,,1.63,98.37,1.31,90.21,0.33,8.16,3.71151,223.98849,0.32,11776,0.24,0.0041,63.33333333,5.573571429,2330666.667,205107.4286,11.36315092,16.17021277,1.660212766,91.08,197.9166667,17.41741071,67.37588652,6.917553191,10606.23884,608.9446367
25,7/15/2015,2015,Metab1_2015_C5,2015_C5,C5,NA,C,16.61711573,3.57,0,3.68,0.36,10.22,22927.38971,5787.197232,28714.58694,0.190155989,126.9,151005.43,7/20/2015,2737.343024,NA,39.3,NA,7/16/2015,20.7,18,0.125,9.857142857,0.000214286,,29.32,70.68,3.76,68.42,25.56,2.26,37.20708,89.69292,0.2,7520,0.25,0.0025,28.5425,3.058571429,1073198,115002.2857,9.331971042,13.17346154,1.646923077,50.76,142.7125,15.29285714,52.69384615,6.587692308,3077.012006,201.2058295
26,7/15/2015,2015,Metab1_2015_C6,2015_C6,C6,NA,E,24.94280331,0,0,0.11,0.36,0.31,6541.819853,3626.730104,10168.54996,0.12539178,36.075,81094.23083,7/20/2015,876.251038,NA,12.9,NA,7/16/2015,30.5,27.9,0.051,372,0.017928571,,100,0,1.22,0,98.78,0,36.075,0,0.23,3588,0.25,0.0028,49.34583333,4.75,769795,74100,10.38859649,25.74565217,2.891304348,14.43,214.5471014,20.65217391,102.9826087,11.56521739,978.818454,47.39541988
27,7/15/2015,2015,Metab1_2015_C7,2015_C7,C7,NA,A,9.465573928,14.29,0,14.4,0.36,40,5282.628676,1683.607266,6966.235943,0.112150229,61.33333333,62115.21833,7/20/2015,207.3248147,NA,10.8,NA,7/16/2015,14,12.1,0.072,9.785714286,0.000357143,,0.24,99.76,0,85.7,0.24,14.06,0.1472,61.18613333,0.18,3312,0.18,0.003,37.75083333,4.013571429,694615.3333,73849.71429,9.405795812,18.87541667,2.34125,24.53333333,209.7268519,22.29761905,104.8634259,13.00694444,740.6322742,33.21575602
28,7/15/2015,2015,Metab1_2015_C9,2015_C9,C9,NA,D,20.12833665,10.71,0,10.82,0.36,30.06,17548.25368,10241.13322,27789.38689,0.772780961,262.2,35960.2375,7/20/2015,2772.997232,NA,31.4,NA,7/16/2015,24.9,22.2,0.189,7.071428571,7.14E-05,,0,100,0,100,0,0,0,262.2,0.45,16560,0.19,0.0073,67.095,8.597142857,2469096,316374.8571,7.804336989,17.1306383,2.560851064,104.88,149.1,19.1047619,90.1612542,13.47816349,3560.76204,186.3808645
29,7/15/2015,2015,Metab1_2015_C26,2015_C26,C26,NA,A,9.465573928,7.14,0,7.25,0.36,20.14,NA,1202.862273,NA,NA,32.25,NA,7/20/2015,643.9952227,NA,NA,NA,7/17/2015,18.9,14.1,0.046,8.357142857,0.000428571,,0,100,0,84.62,0,15.38,0,32.25,0.19,3268,0.28,0.0021,35.86666667,3.85,616906.6667,66220,9.316017316,18.71304348,2.343478261,12.9,188.7719298,20.26315789,66.83229814,8.369565217,NA,NA
30,7/15/2015,2015,Metab1_2015_C8,2015_C8,C8,NA,A,9.465573928,0,0,0.11,0.36,0.31,NA,299.7509488,NA,NA,5.44,NA,7/20/2015,115.4316396,NA,1.9,NA,7/16/2015,14,12.1,0.002,8.285714286,0.012214286,,0,100,0,100,0,0,0,5.44,0.02,36.57,0.03,0.0018,NA,NA,NA,NA,14.69047619,-1.028333333,-0.081666667,2.176,NA,NA,-34.27777778,-2.722222222,NA,NA
31,7/27/2015,2015,Metab2_2015_C1,2015_C1,C1,NA,A,9.225614037,3.57,0,3.68,0.36,10.22,27305.45344,4581.128414,31886.58185,0.319693957,74.76923077,99740.95882,7/28/2015,1890.09636,NA,37.9,NA,7/29/2015,13.9,11.3,0.033,7.071428571,5.00E-04,,0.43,99.57,0,90.49,0.43,9.08,0.321507692,74.44772308,1.87,7086.32,0.38,0.0152,345.0741667,47.34428571,1552833.75,213049.2857,7.288612796,18.73705882,2.99918552,29.90769231,219.1311922,30.06486945,49.30804954,7.892593475,4374.849199,145.5136602
32,7/27/2015,2015,Metab2_2015_C10,2015_C10,C10,NA,E,24.48883195,3.57,0,3.68,0.36,10.22,29103.43317,17970.44045,47073.87362,0.361871066,165.7113402,130084.6573,7/28/2015,3216.06395,NA,64.9,NA,7/29/2015,29.6,25.6,0.263,43.92857143,0.000428571,,0.65,99.35,0,28.26,0.65,70.44,1.077123711,164.6342165,2.02,10263.78,0.2,0.0311,281.2683333,27.30785714,1602377.172,155572.0346,10.29990496,12.40889706,1.405551471,66.28453608,156.1195945,15.15738204,62.04448529,7.027757353,4570.321162,301.524442
33,7/27/2015,2015,Metab2_2015_C11,2015_C11,C11,NA,B,12.52434659,14.29,0,14.4,0.36,40,4996.219758,3555.830949,8552.050707,0.064657232,31.89690722,132267.5039,7/28/2015,1395.232418,NA,-3.4,NA,7/30/2015,16.7,14.7,0.015,7.285714286,0.001142857,,0.22,99.78,0,70.97,0.22,24.39,0.070173196,31.82673402,0.59,2292.57,0.26,0.0069,137.8383333,18.61714286,535600.381,72340.89796,7.403839267,17.7855914,2.802580645,12.75876289,233.6244394,31.55449908,68.40612076,10.77915633,1155.083248,36.60597637
34,7/27/2015,2015,Metab2_2015_C12,2015_C12,C12,NA,C,15.77131449,7.14,0,7.25,0.36,20.14,26958.1152,701.9105151,27660.02572,0.204021324,83.5,135574.19,7/28/2015,1391.503661,NA,-133.3,NA,7/29/2015,22.4,11.3,0.067,7.714285714,0.000285714,,2.97,97.03,1.61,96.78,1.36,0.25,2.47995,81.02005,2.63,10977.39,0.29,0.028,252.8033333,35.95571429,1386806.857,197242.7755,7.030964017,14.72640777,2.443592233,33.4,126.3330224,17.96809401,50.78071644,8.426180114,3934.030334,218.9453334
35,7/27/2015,2015,Metab2_2015_C13,2015_C13,C13,NA,E,24.48883195,7.14,0,7.25,0.36,20.14,35026.04167,14632.95074,49658.99241,0.362873508,118.3030303,136849.3188,7/28/2015,1956.474593,NA,110.2,NA,7/29/2015,20.8,25.6,0.102,10.28571429,0.000214286,,0.1,99.9,0.1,96.38,0,1.24,0.11830303,118.1847273,2.16,9425.45,0.22,0.0311,308.8333333,43.56285714,1317688.889,185868.1905,7.089372773,13.14184397,2.162695035,47.32121212,139.8011648,19.71982139,59.73565442,9.830431979,7004.70888,355.2115784
36,7/27/2015,2015,Metab2_2015_C14,2015_C14,C14,NA,C,15.77131449,14.29,0,14.4,0.36,40,11407.112,6105.676198,17512.7882,0.125280519,NA,139788.5988,7/28/2015,1118.423235,NA,-81.6,NA,7/30/2015,20.1,17.7,0.016,7.214285714,0.001142857,,0,100,0,98.42,0,1.58,NA,NA,NA,NA,NA,NA,NA,NA,NA,NA,NA,NA,NA,NA,NA,NA,NA,NA,NA,NA
37,7/27/2015,2015,Metab2_2015_C15,2015_C15,C15,NA,A,9.225614037,1.79,0,1.9,0.36,5.28,7086.693549,47264.27333,54350.96688,0.458354188,NA,118578.5323,7/28/2015,237.6491036,NA,-63.8,NA,7/29/2015,13.7,11.3,0.034,5.357142857,0.000357143,,3.33,96.67,0,91,3.33,5.67,NA,NA,NA,NA,NA,NA,NA,NA,NA,NA,NA,NA,NA,NA,NA,NA,NA,NA,NA,NA
38,7/27/2015,2015,Metab2_2015_C16,2015_C16,C16,NA,E,24.48883195,1.79,0,1.9,0.36,5.28,28301.16418,7626.050422,35927.21461,0.476248833,97.87790698,75437.90588,7/28/2015,2309.281909,NA,108.3,NA,7/29/2015,20.6,25.6,0.081,174.2857143,0.005285714,,8.01,91.99,5.34,91.15,2.67,0.83,7.840020349,90.03788663,2,7000,0.23,0.0273,305.5775,37.215,1324169.167,161265,8.211137982,17.05548837,2.423302326,39.15116279,189.1670238,23.03785714,74.15429727,10.53609707,4375.424537,189.9232429
39,7/27/2015,2015,Metab2_2015_C17,2015_C17,C17,NA,B,12.52434659,3.57,0,3.68,0.36,10.22,9745.463713,5158.674498,14904.13821,0.187901094,58.88297872,79319.06022,7/28/2015,452.9876619,NA,24.5,NA,7/30/2015,16.6,14.6,0.005,13.78571429,0.006357143,,0,100,0,100,0,0,0,58.88297872,0.93,5072.73,0.31,0.0092,152.8941667,17.40857143,786312.8571,89529.79592,8.782694622,16.98824074,2.256666667,23.55319149,155.0078276,17.64923343,54.80077658,7.279569892,1696.989233,96.15087473
40,7/27/2015,2015,Metab2_2015_C18,2015_C18,C18,NA,B,12.52434659,1.79,0,1.9,0.36,5.28,11093.31229,452.3947998,11545.70709,0.147265667,46.79569892,78400.53484,7/28/2015,795.4648074,NA,-35.8,NA,7/30/2015,16.9,15.2,0.033,87.57142857,0.0065,,94.07,5.93,0,5.93,94.07,0,44.02071398,2.774984946,0.52,2240,0.4,0.0039,80.39625,8.333214286,343024,35555.04762,9.647075001,25.40673611,3.072638889,18.71827957,153.1357143,15.87278912,63.51684028,7.681597222,1196.809094,75.39526062
41,7/27/2015,2015,Metab2_2015_C19,2015_C19,C19,NA,D,19.74645391,3.57,0,3.68,0.36,10.22,26040.14333,7855.996143,33896.13947,0.414200234,58.26219512,81835.15294,7/28/2015,1937.391874,NA,55.3,NA,7/30/2015,23.7,20.9,0.139,18.64285714,0.000357143,,1.75,98.25,0.62,96.4,1.13,1.85,1.019588415,57.24260671,1.58,5009.76,0.23,0.0217,177.1875,19.16928571,794288.7931,85931.28079,9.243302157,14.86888112,1.876713287,23.30487805,158.5482724,17.15277394,64.64730921,8.159622986,3667.102827,213.7906579
42,7/27/2015,2015,Metab2_2015_C20,2015_C20,C20,NA,C,15.77131449,0,0,0.11,0.36,0.31,6619.592144,2082.295181,8701.887325,0.124707718,25.31914894,69778.25806,7/28/2015,769.995419,NA,28.3,NA,7/30/2015,20.2,17.8,0.011,87.5,0.019071429,,48.08,51.92,19.23,51.92,28.85,0,12.17344681,13.14570213,0.22,1108.15,0.24,0.0028,72.00333333,7.342142857,326415.1111,33284.38095,9.806855401,30.85857143,3.671071429,10.12765957,294.5585987,30.03598877,128.577381,15.29613095,887.3269738,29.5421263
43,7/27/2015,2015,Metab2_2015_C21,2015_C21,C21,NA,E,24.48883195,14.29,0,14.4,0.36,40,18786.0123,9024.7963,27810.8086,0.421467578,84.11176471,65985.64172,7/28/2015,3577.572301,NA,109.2,NA,7/29/2015,28,25.6,0.209,8.285714286,7.14E-05,,0,100,0,100,0,0,0,84.11176471,1.3,6418.75,0.19,0.0208,277.2983333,27.96214286,1564754.881,157786.3776,9.916919985,15.77052133,1.855308057,33.64470588,243.7787546,24.58210361,83.00274383,9.764779247,2804.37965,114.082167
44,7/27/2015,2015,Metab2_2015_C22,2015_C22,C22,NA,A,9.225614037,10.71,0,10.82,0.36,30.06,12292.70524,1455.170778,13747.87602,0.21987849,37.4,62524.87914,7/28/2015,1305.051823,NA,12.2,NA,7/29/2015,20.8,11.3,0.023,5.714285714,0.000642857,,0,100,0,100,0,0,0,37.4,1.08,4320,0.31,0.011,133.715,18.04571429,588346,79401.14286,7.40979259,16.20787879,2.551919192,14.96,136.1912037,18.37989418,52.28347996,8.231997393,1855.365835,100.9454035
45,7/27/2015,2015,Metab2_2015_C23,2015_C23,C23,NA,D,19.74645391,7.14,0,7.25,0.36,20.14,7575.919678,4766.555949,12342.47563,0.212963005,37.21034483,57955.96108,7/28/2015,393.8783082,NA,-37.8,NA,7/30/2015,23.7,20.9,0.041,60.07142857,0.003642857,,42.27,57.73,1.13,53.76,41.13,3.97,15.72881276,21.48153207,0.72,2592,0.22,0.0101,136.2441667,12.19,490479,43884,11.17671589,16.68295918,1.741428571,14.88413793,189.2280093,16.93055556,75.83163265,7.915584416,1104.30253,65.22541602
46,7/27/2015,2015,Metab2_2015_C24,2015_C24,C24,NA,D,19.74645391,0,0,0.11,0.36,0.31,8461.508585,3816.07771,12277.5863,0.236105765,21.3125,52000.36645,7/28/2015,1029.611194,NA,4.6,NA,7/30/2015,23.7,20.9,0.032,232.7857143,0.017571429,,100,0,2.85,0,97.15,0,21.3125,0,0.23,1124.44,0.32,0.0022,52.64083333,5.475714286,267253.4615,27799.78022,9.61350987,31.5845,3.833,8.525,237.6769428,24.72322242,98.7015625,11.978125,1277.117979,51.65661487
47,7/27/2015,2015,Metab2_2015_C25,2015_C25,C25,NA,C,15.77131449,10.71,0,10.82,0.36,30.06,9025.957664,2804.498036,11830.4557,0.235671741,21.30379747,50198.87269,7/28/2015,1524.518131,NA,8.7,NA,7/30/2015,20.1,17.8,0.022,7.785714286,0.000857143,,0,100,0,90.09,0,9.91,0,21.30379747,0.61,1610.4,0.25,0.0075,113.5966667,15.36571429,272632,36877.71429,7.392865997,16.22809524,2.560952381,8.521518987,169.2945852,22.89972323,64.91238095,10.24380952,1600.252961,69.88088654
48,7/27/2015,2015,Metab2_2015_C26,2015_C26,C26,NA,A,9.225614037,7.14,0,7.25,0.36,20.14,12970.44609,3192.4987,16162.94479,0.337183545,52.18333333,47935.1529,7/28/2015,702.8924352,NA,16.2,NA,7/29/2015,13.5,11.3,0.026,6.142857143,0.000571429,,0,100,0,84.62,0,15.38,0,52.18333333,0.71,3475.26,0.25,0.0089,128.605,17.06357143,664459.1667,88161.78571,7.536816108,17.94488372,2.777790698,20.87333333,191.1969656,25.36839998,71.77953488,11.11116279,2144.532195,84.53557169
49,7/27/2015,2015,Metab2_2015_C27,2015_C27,C27,NA,E,24.48883195,10.71,0,10.82,0.36,30.06,56954.65678,14260.97951,71215.63628,1.451601641,133.7755102,49060.04118,7/28/2015,3094.222012,NA,43.1,NA,7/29/2015,20.9,25.6,0.125,5.5,0.000142857,,0.47,99.53,0.47,94.91,0,1.02,0.628744898,133.1467653,2.42,11515.86,0.25,0.0296,297.4241667,41.33714286,1207192.206,167780.1681,7.195082826,11.25895899,1.825615142,53.51020408,104.8286629,14.56948661,45.03583596,7.302460568,9897.82022,679.3527106
50,7/27/2015,2015,Metab2_2015_C28,2015_C28,C28,NA,B,12.52434659,7.14,0,7.25,0.36,20.14,10139.41946,3787.034823,13926.45429,0.31570025,28.78915663,44112.90237,7/28/2015,795.8810183,NA,5.8,NA,7/30/2015,16.6,14.7,0.042,10.42857143,0.000642857,,2.21,97.79,2.21,90.61,0,7.18,0.636240361,28.15291627,0.68,2588.39,0.33,0.0065,110.85,14.41928571,396372.7273,51559.87013,7.687620746,17.05384615,2.588076923,11.51566265,153.134855,19.91966826,51.67832168,7.842657343,1811.542836,90.94241993
51,7/27/2015,2015,Metab2_2015_C29,2015_C29,C29,NA,D,19.74645391,1.79,0,1.9,0.36,5.28,27397.36519,8701.278512,36098.6437,0.795939143,68.98101266,45353.52235,7/28/2015,2199.338368,NA,19,NA,7/30/2015,23.6,20.9,0.065,101.7857143,0.003857143,,60.17,39.83,2.37,39.83,57.8,0,41.50587532,27.47513734,1.11,5180,0.23,0.0152,186.7391667,22.48642857,840326.25,101188.9286,8.304527599,13.5810303,1.907939394,27.59240506,162.2251448,19.5345422,59.04795784,8.295388669,4346.862994,222.5218769
52,7/27/2015,2015,Metab2_2015_C3,2015_C3,C3,NA,B,12.52434659,10.71,0,10.82,0.36,30.06,6115.420299,6492.834163,12608.25446,0.120956734,46.79775281,104237.7226,7/28/2015,981.5556395,NA,28.9,NA,7/30/2015,16.9,15.1,0.015,7.857142857,0.001285714,,1.11,98.89,2.23,92.62,0,5.15,0.519455056,46.27829775,0.94,3655.56,0.27,0.0109,191.3,25.67714286,686717.9487,92174.35897,7.450205853,17.65846154,2.765230769,18.71910112,187.8557454,25.21483958,65.4017094,10.24159544,1692.336388,67.11668272
53,7/27/2015,2015,Metab2_2015_C30,2015_C30,C30,NA,D,19.74645391,14.29,0,14.4,0.36,40,16449.09274,6759.028843,23208.12158,0.578143385,43.73972603,40142.50129,7/28/2015,1450.178413,NA,19.9,NA,7/30/2015,23.7,21,0.053,8,0.000357143,,0,100,0,98.56,0,1.44,0,43.73972603,0.89,3245.88,0.22,0.0125,157.8808333,19.38142857,593249.1919,72827.18615,8.145985357,13.93066176,1.995147059,17.49589041,182.7699089,22.43680794,63.32118984,9.068850267,2849.025694,126.9799921
54,7/27/2015,2015,Metab2_2015_C4,2015_C4,C4,NA,C,15.77131449,1.79,0,1.9,0.36,5.28,16713.3225,6378.673084,23091.99558,0.220602786,47.29896907,104676.8086,7/28/2015,2043.406543,NA,10.3,NA,7/29/2015,20.7,18.1,0.026,21.78571429,0.002071429,,1.63,98.37,1.31,90.21,0.33,8.16,0.770973196,46.52799588,1.06,3651.11,0.23,0.0142,108.6883333,11.89142857,320889.3651,35108.02721,9.140056864,16.30325,2.081,18.91958763,87.88816691,9.615713361,70.88369565,9.047826087,2526.460823,262.7429425
55,7/27/2015,2015,Metab2_2015_C5,2015_C5,C5,NA,C,15.77131449,3.57,0,3.68,0.36,10.22,31750.39987,7272.49582,39022.89569,0.372669515,71.73913043,104711.8,7/28/2015,1061.63524,NA,15.4,NA,7/29/2015,18.8,11.3,0.024,20.85714286,0.002142857,,29.32,70.68,3.76,68.42,25.56,2.26,21.03391304,50.70521739,2.74,8411.16,0.28,0.0299,233.2116667,32.89642857,905410,127715.5462,7.089270076,14.96545455,2.462834225,28.69565217,107.6438922,15.18405859,53.44805195,8.795836516,5504.501208,362.5184384
56,7/27/2015,2015,Metab2_2015_C6,2015_C6,C6,NA,E,24.48883195,0,0,0.11,0.36,0.31,17952.42185,8247.138657,26199.56051,0.246029318,85.55555556,106489.5871,7/28/2015,698.6207786,NA,14.2,NA,7/29/2015,29.7,25.6,0.066,267.1428571,0.009928571,,100,0,1.22,0,98.78,0,85.55555556,0,0.27,1493.33,0.35,0.0015,65.03520833,6.569285714,303497.6389,30656.66667,9.891244636,42.05885197,4.952078847,34.22222222,203.2354797,20.52906368,120.1681485,14.14879671,2648.762767,128.9123363
57,7/27/2015,2015,Metab2_2015_C7,2015_C7,C7,NA,A,9.225614037,14.29,0,14.4,0.36,40,8914.150708,2321.940972,11236.09168,0.095906842,43.87096774,117156.3097,7/28/2015,783.1476104,NA,15.1,NA,7/29/2015,13.9,11.3,0.024,3.928571429,0.000428571,,0.24,99.76,0,85.7,0.24,14.06,0.105290323,43.76567742,1.35,3906.38,0.29,0.0145,174.5425,23.14785714,516038.6957,68437.14286,7.540330793,15.8675,2.455075758,17.5483871,132.1015097,17.51932553,54.71551724,8.465778474,1490.132461,85.05649709
58,7/27/2015,2015,Metab2_2015_C8,2015_C8,C8,NA,A,9.225614037,0,0,0.11,0.36,0.31,NA,715.0745018,NA,NA,2.559139785,99378.42903,7/28/2015,580.6945433,NA,-6.9,NA,7/29/2015,13.5,11.3,0.005,9.928571429,0.005,,0,100,0,100,0,0,0,2.559139785,0.04,86.35,0.13,9.00E-04,15.38583333,0.863571429,40239.87179,2258.571429,17.81651503,26.37571429,1.727142857,1.023655914,466.008938,26.1560096,202.8901099,13.28571429,NA,NA
59,7/27/2015,2015,Metab2_2015_C9,2015_C9,C9,NA,D,19.74645391,10.71,0,10.82,0.36,30.06,9077.348765,4112.357278,13189.70604,0.114199514,23.94736842,115497.0417,7/28/2015,2122.190517,NA,15.3,NA,7/30/2015,23.8,21,0.042,7.5,0.004214286,,0,100,0,100,0,0,0,23.94736842,0.66,1885.71,0.23,0.0088,129.1433333,19.44571429,347693.5897,52353.84615,6.64122343,16.14291667,2.835833333,9.578947368,184.3833833,27.76346636,70.1865942,12.32971014,1986.035582,71.53413614
60,7/27/2016,2016,Metab1_2016_C1,2016_C1,C1,NA,A,10.63156024,0,1.61,0.11,1.97,0.06,NA,539.7923875,NA,NA,4.875,99085.88417,NA,NA,NA,NA,NA,7/25/2016,12.2,9.68,0.002,33.35714286,0.034857143,,96.67,3.33,0,3.33,96.67,0,4.7126625,0.1623375,0.08,110.93,0.12,0.002,33.52,3.599285714,46481.06667,4991.009524,9.31295892,21.17052632,2.652105263,1.56,419.0125905,44.99242336,176.4210526,22.10087719,NA,NA
61,7/27/2016,2016,Metab1_2016_C10,2016_C10,C10,NA,E,25.2363148,0,1.61,0.11,1.97,0.06,30604.31985,14390.13841,44994.45826,0.461910169,107.06,97409.5425,NA,NA,NA,NA,NA,7/25/2016,24.8,23.92,0.117,285.6428571,0.006,,91.27,8.73,35.86,0,55.42,8.73,97.713662,9.346338,0.71,12041.6,0.66,0.0033,168.185,22.92357143,1426208.8,194391.8857,7.336771259,38.81192308,6.171730769,42.824,118.4401408,16.14336016,58.80594406,9.351107226,6132.732871,379.8919686
62,7/27/2016,2016,Metab1_2016_C11,2016_C11,C11,NA,B,13.44511935,0,6.45,0.11,6.81,0.02,3552.380953,1008.403362,4560.784314,0.039220671,26.6,116285.2178,NA,NA,NA,NA,NA,8/1/2016,13,13.97,0.012,99.57142857,0.019785714,Replacing lost 1st sampling,100,0,1.11,0,98.89,0,26.6,0,0.06,268.8,0.25,7.00E-04,53.6375,5.781428571,240296,25900.8,9.277551273,45.975,5.781428571,8.512,893.9583333,96.35714286,183.9,23.12571429,491.5935445,5.101786229
63,7/27/2016,2016,Metab1_2016_C12,2016_C12,C12,NA,C,17.15484516,0,3.23,0.11,3.59,0.03,13493.30357,4668.036332,18161.3399,0.161012177,50.6,112794.8222,NA,NA,NA,NA,NA,8/1/2016,15.7,17.44,0.023,131.5,0.014214286,Replacing lost 1st sampling,100,0,71.88,0,28.13,0,50.6,0,0,0,0,-0.0039,41.95083333,3.889285714,192973.8333,17890.71429,10.7862565,-251.705,-27.225,20.24,Inf,Inf,#NAME?,#NAME?,1683.748194,0
64,7/27/2016,2016,Metab1_2016_C13,2016_C13,C13,NA,E,25.2363148,0,3.23,0.11,3.59,0.03,27293.52678,16080.23356,43373.76034,0.359917064,130.56,120510.4307,NA,NA,NA,NA,NA,8/1/2016,22.6,25.51,0.095,247.0714286,0.006357143,Replacing lost 1st sampling,98.13,1.87,2.94,0,95.19,1.87,128.118528,2.441472,0.05,906.67,-0.84,-2.00E-04,57.9575,5.746428571,630577.6,62521.14286,10.08582971,347.745,40.225,52.224,695.4874431,68.95688934,-413.9821429,-47.88690476,4300.465266,62.36454845
65,7/27/2016,2016,Metab1_2016_C14,2016_C14,C14,NA,C,17.15484516,0,6.45,0.11,6.81,0.02,11240.80882,3221.237024,14462.04585,0.099682581,37.24166667,145080.9725,NA,NA,NA,NA,NA,8/1/2016,15.9,17.44,0.02,81.64285714,0.010214286,Replacing lost 1st sampling,100,0,53.45,0,46.55,0,37.24166667,0,0.08,1162.67,0.21,0.0012,36.64416667,2.780714286,798842.8333,60619.57143,13.177969,-43.973,-3.893,14.89666667,687.0761552,52.13824338,-209.3952381,-18.53809524,1097.44118,21.0486796
66,7/27/2016,2016,Metab1_2016_C15,2016_C15,C15,NA,A,10.63156024,0,0.81,0.11,1.17,0.09,NA,570.9342561,NA,NA,9.625,153967.6988,NA,NA,NA,NA,NA,8/1/2016,10.7,11.15,0.008,55.14285714,0.016785714,Replacing lost 1st sampling,60.19,39.81,21.36,39.81,38.83,0,5.7932875,3.8317125,0,0,0,6.00E-04,18.58583333,0.941428571,138774.2222,7029.333333,19.74215984,44.606,2.636,3.08,Inf,Inf,Inf,Inf,NA,NA
67,7/27/2016,2016,Metab1_2016_C16,2016_C16,C16,NA,E,25.2363148,0,0.81,0.11,1.17,0.09,14896.59926,7645.977509,22542.57677,0.259122713,73.15,86995.75792,NA,NA,NA,NA,NA,8/1/2016,23.4,25.51,0.054,151.5714286,0.006857143,Replacing lost 1st sampling,85.74,14.26,2.69,0.09,83.06,14.17,62.71881,10.43119,0.16,4256,0.34,0.0015,34.71166667,3.501428571,923330.3333,93138,9.913572691,41.654,4.902,29.26,216.9479167,21.88392857,122.5117647,14.41764706,2273.910474,103.9077817
68,7/27/2016,2016,Metab1_2016_C17,2016_C17,C17,NA,B,13.44511935,0,1.61,0.11,1.97,0.06,15323.98897,3062.283737,18386.27271,0.211346773,37.91666667,86995.75792,NA,NA,NA,NA,NA,8/1/2016,13.3,13.97,0.02,203.5714286,0.0245,Replacing lost 1st sampling,100,0,0.25,0,99.75,0,37.91666667,0,0,0,0,6.00E-04,25.9075,2.334285714,538876,48553.14286,11.09868421,77.7225,8.17,12.13333333,Inf,Inf,Inf,Inf,1656.617339,0
69,7/27/2016,2016,Metab1_2016_C18,2016_C18,C18,NA,B,13.44511935,0,0.81,0.11,1.17,0.09,6607.142861,1913.927336,8521.070197,0.101386997,25,84045,NA,NA,NA,NA,NA,8/1/2016,13.5,13.97,0.011,89.5,0.019428571,Replacing lost 1st sampling,92.9,7.1,17.75,0,75.15,7.1,23.225,1.775,0,0,0,3.00E-04,18.78666667,1.185,360704,22752,15.85372714,75.14666667,5.53,8,Inf,Inf,Inf,Inf,537.4805633,0
70,7/27/2016,2016,Metab1_2016_C19,2016_C19,C19,NA,D,20.96240086,0,1.61,0.11,1.97,0.06,9882.8125,4629.108997,14511.9215,0.179230452,35.4,80967.94583,NA,NA,NA,NA,NA,7/26/2016,26.1,20.86,0.038,254.6428571,0.016142857,,100,0,1.46,0,98.54,0,35.4,0,0.02,472,0.07,9.00E-04,18.85416667,1.562142857,444958.3333,36866.57143,12.06942539,32.32142857,3.124285714,14.16,942.7083333,78.10714286,461.7346939,44.63265306,1202.370538,15.39386148
71,7/27/2016,2016,Metab1_2016_C2,2016_C2,C2,NA,B,13.44511935,0,0,0.11,0.36,0.31,1905.882353,608.3044983,2514.186851,0.025344447,18.85,99200.7,NA,NA,NA,NA,NA,7/25/2016,15,12.56,0.004,71.42857143,0.042857143,,100,0,0.39,0,99.61,0,18.85,0,0.07,291.2,0.15,0.0015,23.9,2.340714286,99424,9737.371429,10.21055844,28.68,3.277,6.032,341.4285714,33.43877551,191.2,21.84666667,246.2340201,7.363727179
72,7/27/2016,2016,Metab1_2016_C20,2016_C20,C20,NA,C,17.15484516,0,0,0.11,0.36,0.31,10932.90441,2231.83391,13164.73832,0.162132155,38.5,81197.57833,NA,NA,NA,NA,NA,7/26/2016,23.5,17.03,0.062,150,0.005928571,,99.55,0.45,1.2,0.45,98.35,0,38.32675,0.17325,0.01,280,0.04,7.00E-04,18.42333333,1.298571429,515853.3333,36360,14.18738541,27.635,2.2725,15.4,1842.333333,129.8571429,690.875,56.8125,927.9185661,7.145687528
73,7/27/2016,2016,Metab1_2016_C21,2016_C21,C21,NA,E,25.2363148,0,6.45,0.11,6.81,0.02,6043.198529,5427.119377,11470.31791,0.141264286,62.35,81197.57833,NA,NA,NA,NA,NA,7/26/2016,29.4,25.12,0.116,298.8571429,0.006285714,,85.39,14.61,18.66,3.47,66.74,11.14,53.240665,9.109335,0.06,1548,0.3,6.00E-04,24.105,1.939285714,621909,50033.57143,12.42983425,41.32285714,3.878571429,24.94,401.75,32.32142857,137.7428571,12.92857143,922.8053787,28.55088465
74,7/27/2016,2016,Metab1_2016_C22,2016_C22,C22,NA,A,10.63156024,0,4.84,0.11,5.2,0.02,733.3333336,564.7058821,1298.039216,0.015760353,9.535714286,82361.0489,NA,NA,NA,NA,NA,7/26/2016,19.6,10.49,0.012,42.14285714,0.008285714,,100,0,0,0,100,0,9.535714286,0,0,0,0.01,4.00E-04,14.28333333,0.877857143,101697.3333,6250.342857,16.27068077,21.425,1.53625,3.051428571,Inf,Inf,2142.5,153.625,79.77780611,0
75,7/27/2016,2016,Metab1_2016_C23,2016_C23,C23,NA,D,20.96240086,0,3.23,0.11,3.59,0.03,7853.860294,4486.375433,12340.23573,0.143266805,26.25,86134.64708,NA,NA,NA,NA,NA,7/26/2016,26.4,20.86,0.068,171.3571429,0.006214286,,96.8,3.2,65.98,3.2,30.83,0,25.41,0.84,0.02,500,0.06,0.001,25.26083333,2.316428571,631520.8333,57910.71429,10.9050776,37.89125,4.05375,10.5,1263.041667,115.8214286,631.5208333,67.5625,1131.604577,9.770252283
76,7/27/2016,2016,Metab1_2016_C24,2016_C24,C24,NA,D,20.96240086,0,0,0.11,0.36,0.31,16277.57353,12790.8737,29068.44723,0.318419217,52.5,91289.86458,NA,NA,NA,NA,NA,7/26/2016,36.4,20.86,0.097,168.3571429,0.004214286,,89.33,10.67,14.67,10.67,74.67,0,46.89825,5.60175,0.01,250,0.06,7.00E-04,28.18916667,2.141428571,704729.1667,53535.71429,13.16372026,112.7566667,9.993333333,21,2818.916667,214.1428571,1879.277778,166.5555556,2208.224321,10.31192145
77,7/27/2016,2016,Metab1_2016_C25,2016_C25,C25,NA,C,17.15484516,0,4.84,0.11,5.2,0.02,7863.051471,3146.626298,11009.67777,0.115460694,23.56,95354.33542,NA,NA,NA,NA,NA,7/26/2016,23.3,17.03,0.037,142.4285714,0.009428571,,100,0,1.31,0,98.69,0,23.56,0,0.1,1216,0.4,8.00E-04,25.48083333,2.352142857,309846.9333,28602.05714,10.83302966,38.22125,4.11625,9.424,254.8083333,23.52142857,95.553125,10.290625,1016.306436,43.2076833
78,7/27/2016,2016,Metab1_2016_C26,2016_C26,C26,NA,A,10.63156024,0,3.23,0.11,3.59,0.03,555.8823529,316.6566904,872.5390434,0.009147187,4.401666667,95388.78167,NA,NA,NA,NA,NA,7/26/2016,18.5,10.49,0.021,19.92857143,0.002357143,,100,0,72.73,0,27.27,0,4.401666667,0,0.07,155.68,0.19,0.0011,26.9625,2.167857143,59964.6,4821.314286,12.43739703,24.88846154,2.334615385,1.408533333,385.1785714,30.96938776,130.9919028,12.28744939,70.15447372,2.265284489
79,7/27/2016,2016,Metab1_2016_C27,2016_C27,C27,NA,E,25.2363148,0,4.84,0.11,5.2,0.02,2748.161765,11074.82699,13822.98875,0.151209454,194.4,91416.1675,NA,NA,NA,NA,NA,7/26/2016,30.7,25.12,0.147,902.7857143,0.015,,79.54,20.46,8.38,1.66,71.16,18.79,154.62576,39.77424,0.28,7840,0.54,0.0016,53.41208333,5.493571429,NA,NA,9.828292935,NA,NA,77.76,NA,NA,NA,NA,1406.448591,NA
80,7/27/2016,2016,Metab1_2016_C28,2016_C28,C28,NA,B,13.44511935,0,3.23,0.11,3.59,0.03,4130.882353,1422.145329,5553.027682,0.063312939,19.98,87707.62792,NA,NA,NA,NA,NA,7/26/2016,21.8,13.29,0.043,329.2857143,0.018571429,,100,0,2.42,0,97.58,0,19.98,0,0.15,710.4,0.39,0.0012,61.405,7.090714286,193876.0533,22387.74857,8.659917397,40.93666667,5.515,6.3936,272.9111111,31.51428571,104.965812,14.14102564,641.2333313,20.34738585
81,7/27/2016,2016,Metab1_2016_C29,2016_C29,C29,NA,D,20.96240086,0,0.81,0.11,1.17,0.09,28327.20588,5300.605536,33627.81142,0.393663184,43.75,85422.8,NA,NA,NA,NA,NA,7/26/2016,27.4,20.86,0.06,209.6428571,0.0085,,96.11,3.89,10.51,1.36,85.6,2.53,42.048125,1.701875,0.05,1400,0.13,0.0012,28.39833333,2.387142857,795153.3333,66840,11.89636944,37.86444444,3.713333333,17.5,567.9666667,47.74285714,291.2649573,28.56410256,2826.72891,59.20736795
82,7/27/2016,2016,Metab1_2016_C3,2016_C3,C3,NA,B,13.44511935,0,4.84,0.11,5.2,0.02,1991.176471,1019.377163,3010.553633,0.030348109,10.22,99200.7,NA,NA,NA,NA,NA,7/25/2016,15.1,12.56,0.016,145.9285714,0.022428571,,100,0,0,0,100,0,10.22,0,0.21,490.56,0.41,0.0016,36.22916667,4.092142857,84631.33333,9559.245714,8.853348461,25.57352941,3.37,3.2704,172.5198413,19.48639456,62.37446198,8.219512195,340.0468926,17.45047764
83,7/27/2016,2016,Metab1_2016_C30,2016_C30,C30,NA,D,20.96240086,0,6.45,0.11,6.81,0.02,9122.023815,5147.058824,14269.08264,0.176397984,36.45833333,80891.41556,NA,NA,NA,NA,NA,7/26/2016,27.4,20.86,0.07,225.5,0.007857143,,99.36,0.64,10.76,0.64,88.6,0,36.225,0.233333333,0.02,500,0.08,8.00E-04,27.3175,2.632857143,682937.5,65821.42857,10.37561042,54.635,6.143333333,14.58333333,1365.875,131.6428571,682.9375,76.79166667,1375.252353,10.4468437
84,7/27/2016,2016,Metab1_2016_C4,2016_C4,C4,NA,C,17.15484516,0,0.81,0.11,1.17,0.09,12500.00001,3529.411763,16029.41177,0.164427657,32.9,97486.10444,NA,NA,NA,NA,NA,7/25/2016,18.2,16.35,0.018,112.3571429,0.015571429,,98.91,1.09,74.32,1.09,24.59,0,32.54139,0.35861,0.26,1456,0.4,0.002,58.25666667,6.740714286,326237.3333,37748,8.642506446,41.12235294,5.551176471,13.16,224.0641026,25.92582418,102.8058824,13.87794118,1854.717942,71.53940138
85,7/27/2016,2016,Metab1_2016_C5,2016_C5,C5,NA,C,17.15484516,0,1.61,0.11,1.97,0.06,9553.571426,8531.574394,18085.14582,0.182579141,62.22,99053.73467,NA,NA,NA,NA,NA,7/25/2016,17.9,16.35,0.043,140.4285714,0.007928571,,100,0,16.5,0,83.5,0,62.22,0,0.32,3123.2,0.42,0.0023,43.3,5.015714286,422608,48953.37143,8.632868129,37.11428571,5.015714286,24.888,135.3125,15.67410714,88.36734694,11.94217687,2094.917419,133.6546573
86,7/27/2016,2016,Metab1_2016_C6,2016_C6,C6,NA,E,25.2363148,0,0,0.11,0.36,0.31,15565.25735,17802.76817,33368.02552,0.338563263,160.48,98557.72667,NA,NA,NA,NA,NA,7/25/2016,24.5,23.92,0.079,340.0714286,0.010571429,,94.79,5.21,39.59,1.64,55.21,3.56,152.118992,8.361008,0.22,4787.2,0.32,0.0022,63.36916667,7.277142857,1378913.067,158350.6286,8.707973433,36.21095238,4.851428571,64.192,288.0416667,33.07792208,113.1592262,15.16071429,3831.893353,115.8444398
87,7/27/2016,2016,Metab1_2016_C7,2016_C7,C7,NA,A,10.63156024,0,6.45,0.11,6.81,0.02,138.2352941,523.183391,661.4186851,0.006737665,6.16,98167.35,NA,NA,NA,NA,NA,7/25/2016,12.7,9.68,0.004,38.5,0.023571429,,100,0,0,0,100,0,6.16,0,0.1,179.2,0.17,0.0019,43.83083333,4.989285714,78544.85333,8940.8,8.784991649,25.04619048,3.326190476,1.9712,438.3083333,49.89285714,147.3305322,19.56582633,75.28962025,1.509026032
88,7/27/2016,2016,Metab1_2016_C8,2016_C8,C8,NA,A,10.63156024,0,0,0.11,0.36,0.31,76.47058824,519.0311419,595.5017301,0.006132174,2.73,97111.03667,NA,NA,NA,NA,NA,7/25/2016,12.4,9.68,0.007,49.71428571,0.017642857,,96.72,3.28,9.84,3.28,86.89,0,2.640456,0.089544,0,0,0.02,7.00E-04,28.11583333,1.768571429,37787.68,2376.96,15.8974825,25.95307692,1.904615385,0.8736,Inf,Inf,1297.653846,95.23076923,37.45886999,0
89,7/27/2016,2016,Metab1_2016_C9,2016_C9,C9,NA,D,20.96240086,0,4.84,0.11,5.2,0.02,14786.30515,4830.233564,19616.53871,0.203444354,49.58,96422.13375,NA,NA,NA,NA,NA,7/25/2016,21.8,20.04,0.021,198.0714286,0.0225,,97.84,2.16,22.5,0.47,75.34,1.69,48.509072,1.070928,0.15,1608,0.37,0.0013,40.92666667,4.655,438733.8667,49901.6,8.79197995,49.112,6.517,19.832,272.8444444,31.03333333,132.7351351,17.61351351,2231.18556,71.89641978
90,8/2/2016,2016,Metab2_2016_C1,2016_C1,C1,NA,A,11.01066367,0,1.61,0.11,1.97,0.06,619.1176471,774.3944637,1393.512111,0.01980574,4.4,70359.00167,NA,NA,NA,NA,NA,7/30/2016,16.8,11.12,0.01,78.78571429,0.018642857,,96.67,3.33,0,3.33,96.67,0,4.25348,0.14652,0,0,-0.01,-0.001,26.04,2.458571429,45830.4,4327.085714,10.59151656,14.20363636,1.564545455,1.408,Inf,Inf,-1420.363636,-156.4545455,131.5687043,0
91,8/2/2016,2016,Metab2_2016_C10,2016_C10,C10,NA,E,25.44947561,0,1.61,0.11,1.97,0.06,16232.82968,8440.743945,24673.57362,0.56551983,79,43629.9,NA,NA,NA,NA,NA,8/1/2016,23.5,25.51,0.088,331.7857143,0.009214286,"Redo, but not replacing 1st sampling",91.27,8.73,35.86,0,55.42,8.73,72.1033,6.8967,0.66,13200,0.48,0.0043,108.2725,13.37214286,1082725,133721.4286,8.096869825,31.6895122,4.566097561,31.6,82.02462121,10.13041126,66.01981707,9.512703252,3047.297802,300.8069194
93,8/2/2016,2016,Metab2_2016_C11,2016_C11,C11,NA,B,13.83630935,0,6.45,0.11,6.81,0.02,2504.411765,1060.899654,3565.311419,0.087768577,20.64,40621.73,NA,NA,NA,NA,NA,7/30/2016,18.7,13.91,0.021,198.0714286,0.023071429,,100,0,1.11,0,98.89,0,20.64,0,0.07,358.4,0.08,0.0025,43.64083333,4.767857143,111720.5333,12205.71429,9.153133583,19.39592593,2.472222222,6.6048,311.7202381,34.05612245,242.4490741,30.90277778,389.5181236,11.43753592
94,8/2/2016,2016,Metab2_2016_C12,2016_C12,C12,NA,C,17.26234222,0,3.23,0.11,3.59,0.03,4857.536765,2997.404844,7854.941609,0.225712962,16.875,34800.57833,NA,NA,NA,NA,NA,7/30/2016,21.6,17.47,0.024,150.2857143,0.015214286,,100,0,71.88,0,28.13,0,16.875,0,0.12,800,0.12,0.0031,37.01,3.67,246733.3333,24466.66667,10.08446866,29.608,3.425333333,6.75,308.4166667,30.58333333,246.7333333,28.54444444,778.9147718,25.46860289
95,8/2/2016,2016,Metab2_2016_C13,2016_C13,C13,NA,E,25.44947561,0,3.23,0.11,3.59,0.03,10748.10606,4742.647059,15490.75312,0.401066173,49.4,38623.93333,NA,NA,NA,NA,NA,7/30/2016,27.6,25.44,0.098,356,0.008928571,,98.13,1.87,2.94,0,95.19,1.87,48.47622,0.92378,0.32,3328,0.34,0.0029,NA,NA,NA,NA,NA,NA,NA,19.76,NA,NA,NA,NA,NA,NA
96,8/2/2016,2016,Metab2_2016_C14,2016_C14,C14,NA,C,17.26234222,0,6.45,0.11,6.81,0.02,4287.683824,3036.33218,7324.016003,0.247245868,11.475,29622.4,NA,NA,NA,NA,NA,7/30/2016,21.9,17.47,0.028,220.7142857,0.019428571,,100,0,53.45,0,46.55,0,11.475,0,0.07,476,0.16,0.0014,57.78416667,5.856428571,196466.1667,19911.85714,9.866792698,24.76464286,2.928214286,4.59,412.7440476,41.83163265,154.7790179,18.30133929,742.2894377,17.74469201
97,8/2/2016,2016,Metab2_2016_C15,2016_C15,C15,NA,A,11.01066367,0,0.81,0.11,1.17,0.09,617.6470588,1085.813149,1703.460208,0.057505813,4.666666667,29622.4,NA,NA,NA,NA,NA,7/30/2016,15.5,11.12,0.004,35.07142857,0.021357143,,60.19,39.81,21.36,39.81,38.83,0,2.808866667,1.8578,0.01,29.87,0.03,9.00E-04,34.31916667,3.24,61499.94667,5806.08,10.59233539,17.90565217,1.972173913,1.493333333,2058.92021,194.378306,596.8550725,65.73913043,160.8200784,0.827356106
98,8/2/2016,2016,Metab2_2016_C16,2016_C16,C16,NA,E,25.44947561,0,0.81,0.11,1.17,0.09,29551.93015,8589.965398,38141.89554,0.396800363,103.95,96123.64083,NA,NA,NA,NA,NA,7/30/2016,27,25.44,0.064,231.2142857,0.008857143,,85.74,14.26,2.69,0.09,83.06,14.17,89.12673,14.82327,0.28,6048,0.35,0.0025,82.98,8.823571429,896184,95294.57143,9.404355217,29.28705882,3.633235294,41.58,148.1785714,15.75637755,83.67731092,10.38067227,4055.769339,257.404935
99,8/2/2016,2016,Metab2_2016_C17,2016_C17,C17,NA,B,13.83630935,0,1.61,0.11,1.97,0.06,4854.545454,1810.380623,6664.926077,0.07374104,16,90382.86,NA,NA,NA,NA,NA,NA,NA,NA,NA,NA,NA,NA,100,0,0.25,0,99.75,0,16,0,0.07,358.4,0.15,0.0015,39.80333333,3.997142857,203793.0667,20465.37143,9.957946152,-477.64,-55.96,5.12,568.6190476,57.10204082,-3184.266667,-373.0666667,669.3073024,11.72125011
100,8/2/2016,2016,Metab2_2016_C18,2016_C18,C18,NA,B,13.83630935,0,0.81,0.11,1.17,0.09,2786.764706,1816.608997,4603.373702,0.04527283,14.375,101680.715,NA,NA,NA,NA,NA,7/30/2016,18.3,13.91,0.02,171.5714286,0.020785714,,92.9,7.1,17.75,0,75.15,7.1,13.354375,1.020625,0.04,147.2,0.14,8.00E-04,44.06,3.857142857,162140.8,14194.28571,11.42296296,31.10117647,3.176470588,4.6,1101.5,96.42857143,222.1512605,22.68907563,402.992964,4.179186294
101,8/2/2016,2016,Metab2_2016_C19,2016_C19,C19,NA,D,20.65647205,0,1.61,0.11,1.97,0.06,8546.305669,4126.297578,12672.60325,0.115744038,25.2,109488.1733,NA,NA,NA,NA,NA,7/30/2016,21.6,21.14,0.033,253,0.018571429,,100,0,1.46,0,98.54,0,25.2,0,0.16,1536,0.28,0.0018,44.00416667,4.410714286,422440,42342.85714,9.976653171,22.95869565,2.684782609,10.08,275.0260417,27.56696429,81.99534161,9.588509317,1270.225899,46.07783019
102,8/2/2016,2016,Metab2_2016_C2,2016_C2,C2,NA,B,13.83630935,0,0,0.11,0.36,0.31,2694.117647,1312.110727,4006.228374,0.052867753,11.63076923,75778.29792,NA,NA,NA,NA,NA,7/30/2016,20.8,13.91,0.018,147.8571429,0.020142857,,100,0,0.39,0,99.61,0,11.63076923,0,0.14,836.27,0.22,0.002,43.99583333,4.855,197101.3333,21750.4,9.061963611,26.3975,3.3985,3.721846154,235.6910248,26.0088249,119.9886364,15.44772727,442.0927456,16.99779776
103,8/2/2016,2016,Metab2_2016_C20,2016_C20,C20,NA,C,17.26234222,0,0,0.11,0.36,0.31,3910.845588,2205.882353,6116.727941,0.052935569,21.525,115550.4333,NA,NA,NA,NA,NA,7/30/2016,21.3,17.47,0.034,171.5,0.012214286,,99.55,0.45,1.2,0.45,98.35,0,21.4281375,0.0968625,0.02,168,0.03,0.0017,54.60333333,5.087142857,305778.6667,28488,10.73359543,50.40307692,5.478461538,8.61,1820.111111,169.5714286,1680.102564,182.6153846,569.8675695,3.360634361
104,8/2/2016,2016,Metab2_2016_C21,2016_C21,C21,NA,E,25.44947561,0,6.45,0.11,6.81,0.02,15891.54412,14072.23183,29963.77595,0.209180066,75.6,143243.9358,NA,NA,NA,NA,NA,8/1/2016,16.4,25.51,0.094,756,0.019714286,,85.39,14.61,18.66,3.47,66.74,11.14,64.55484,11.04516,0.61,6832,0.54,0.0035,88.01916667,9.769285714,985814.6667,109416,9.009785284,29.33972222,3.799166667,30.24,144.2937158,16.01522248,54.33281893,7.035493827,3325.692567,207.6582183
105,8/2/2016,2016,Metab2_2016_C22,2016_C22,C22,NA,A,11.01066367,0,4.84,0.11,5.2,0.02,500,1102.422145,1602.422145,0.016162688,5.014285714,99143.29208,NA,NA,NA,NA,NA,8/1/2016,25.9,11.15,0.007,37.42857143,0.012428571,,100,0,0,0,100,0,5.014285714,0,0.03,129.6,0.22,4.00E-04,16.635,1.52,71863.2,6566.4,10.94407895,14.25857143,1.52,1.604571429,554.5,50.66666667,64.81168831,6.909090909,146.4190959,2.889850578
106,8/2/2016,2016,Metab2_2016_C23,2016_C23,C23,NA,D,20.65647205,0,3.23,0.11,3.59,0.03,102734.375,2673.010381,105407.3854,0.763521342,16.92,138054.275,NA,NA,NA,NA,NA,8/1/2016,13,20.92,0.051,226.5,0.010928571,,96.8,3.2,65.98,3.2,30.83,0,16.37856,0.54144,0.15,1692,0.3,0.0016,22.6975,2.196428571,256027.8,24775.71429,10.33382114,19.455,2.196428571,6.768,151.3166667,14.64285714,64.85,7.321428571,10200.23319,696.6012911
107,8/2/2016,2016,Metab2_2016_C24,2016_C24,C24,NA,D,20.65647205,0,0,0.11,0.36,0.31,7369.025735,4843.209343,12212.23508,0.079139815,33.12,154312.15,NA,NA,NA,NA,NA,8/1/2016,22.2,20.92,0.048,163.5,0.008357143,,89.33,10.67,14.67,10.67,74.67,0,29.586096,3.533904,0.22,2428.8,0.18,0.0038,84.28916667,8.662857143,930552.4,95637.94286,9.729949978,36.12392857,4.331428571,13.248,383.1325758,39.37662338,200.6884921,24.06349206,1255.117971,31.87469782
108,8/2/2016,2016,Metab2_2016_C25,2016_C25,C25,NA,C,17.26234222,0,4.84,0.11,5.2,0.02,5125.343404,1972.318339,7097.661744,0.036850385,20,192607.5308,NA,NA,NA,NA,NA,8/1/2016,19.8,17.44,0.011,119.3571429,0.0255,,100,0,1.31,0,98.69,0,20,0,0.26,1300,0.29,0.0028,37.85583333,4.041428571,189279.1667,20207.14286,9.366943561,28.391875,3.53625,8,145.599359,15.54395604,97.90301724,12.19396552,757.7350816,48.74789143
109,8/2/2016,2016,Metab2_2016_C26,2016_C26,C26,NA,A,11.01066367,0,3.23,0.11,3.59,0.03,220.967742,1278.892734,1499.860476,0.015339376,3.373134328,97778.45484,NA,NA,NA,NA,NA,8/1/2016,20.2,11.15,0.01,62.07142857,0.015642857,,100,0,72.73,0,27.27,0,3.373134328,0,0.07,168.75,0.09,0.0025,24.925,2.574285714,60085.86667,6205.744762,9.682297447,18.69375,2.2525,1.079402985,356.0643951,36.77478377,207.7083333,25.02777778,154.9074983,4.212329276
110,8/2/2016,2016,Metab2_2016_C27,2016_C27,C27,NA,E,25.44947561,0,4.84,0.11,5.2,0.02,NA,12991.99827,NA,NA,149.5,198401.3,NA,NA,NA,NA,NA,8/1/2016,15.1,25.51,0.126,570.6428571,0.011071429,,79.54,20.46,8.38,1.66,71.16,18.79,118.9123,30.5877,0.46,4784,0.51,0.0028,100.8683333,10.47214286,1049030.667,108910.2857,9.632062388,31.03641026,3.759230769,59.8,219.2789855,22.76552795,60.85570639,7.371040724,NA,NA
111,8/2/2016,2016,Metab2_2016_C29,2016_C29,C29,NA,D,20.65647205,0,0.81,0.11,1.17,0.09,8056.066176,6014.273356,14070.33953,0.14252996,27.06666667,98718.47,NA,NA,NA,NA,NA,8/1/2016,17.4,20.92,0.037,232.5714286,0.015428571,,96.11,3.89,10.51,1.36,85.6,2.53,26.01377333,1.052893333,0.1,1120,0.15,0.0021,36.66,3.514285714,410592,39360,10.43170732,25.87764706,2.894117647,10.82666667,366.6,35.14285714,172.5176471,19.29411765,1348.805052,38.38063157
112,8/2/2016,2016,Metab2_2016_C3,2016_C3,C3,NA,B,13.83630935,0,4.84,0.11,5.2,0.02,2292.647059,1052.595156,3345.242215,0.044145122,10.8,75778.29792,NA,NA,NA,NA,NA,7/30/2016,20.2,13.91,0.013,250.7142857,0.048,,100,0,0,0,100,0,10.8,0,0.08,614.4,0.14,0.0018,24.295,2.247857143,124390.4,11509.02857,10.80807118,16.19666667,1.748333333,3.456,202.4583333,18.73214286,115.6904762,12.48809524,309.5133405,16.52311446
113,8/2/2016,2016,Metab2_2016_C30,2016_C30,C30,NA,D,20.65647205,0,6.45,0.11,6.81,0.02,8954.503676,4385.813149,13340.31683,0.135134963,16.5,98718.47,NA,NA,NA,NA,NA,8/1/2016,21.7,20.92,0.035,202.0714286,0.014214286,,99.36,0.64,10.76,0.64,88.6,0,16.3944,0.1056,0.09,900,0.16,0.0017,52.17416667,5.183571429,260870.8333,25917.85714,10.06529328,24.08038462,2.791153846,6.6,289.8564815,28.79761905,150.5024038,17.44471154,1325.377856,46.02386932
114,8/2/2016,2016,Metab2_2016_C4,2016_C4,C4,NA,C,17.26234222,0,0.81,0.11,1.17,0.09,8134.191176,3422.361592,11556.55277,0.164251233,18.36666667,70359.00167,NA,NA,NA,NA,NA,7/30/2016,21.8,17.47,0.04,250.7857143,0.015142857,,98.91,1.09,74.32,1.09,24.59,0,18.16647,0.200196667,0.07,532,0.13,0.0018,55.75083333,5.127142857,282470.8889,25977.52381,10.8736649,30.40954545,3.262727273,7.346666667,530.9603175,48.82993197,233.9195804,25.0979021,1062.801997,21.76537942
115,8/2/2016,2016,Metab2_2016_C5,2016_C5,C5,NA,C,17.26234222,0,1.61,0.11,1.97,0.06,5714.613971,4382.569204,10097.18317,0.15461077,27.9,65307.11375,NA,NA,NA,NA,NA,7/30/2016,23.2,17.47,0.025,248.1428571,0.024571429,,100,0,16.5,0,83.5,0,27.9,0,0.04,432,0.12,9.00E-04,49.2925,4.872857143,532359,52626.85714,10.11572853,42.25071429,4.872857143,11.16,1232.3125,121.8214286,352.0892857,40.60714286,998.1666817,8.193687214
116,8/2/2016,2016,Metab2_2016_C6,2016_C6,C6,NA,E,25.44947561,0,0,0.11,0.36,0.31,NA,6906.358131,NA,NA,30.8,50559.0325,NA,NA,NA,NA,NA,7/30/2016,28.5,25.44,0.075,533.7857143,0.017428571,,94.79,5.21,39.59,1.64,55.21,3.56,29.19532,1.60468,0.17,1904,0.17,0.003,55.91166667,4.925714286,417473.7778,36778.66667,11.35097641,35.31263158,3.629473684,12.32,219.2614379,19.31652661,207.7213622,21.3498452,NA,NA
117,8/2/2016,2016,Metab2_2016_C7,2016_C7,C7,NA,A,11.01066367,0,6.45,0.11,6.81,0.02,211.7647059,487.8892734,699.6539792,0.012888579,2.3375,54284.80542,NA,NA,NA,NA,NA,7/30/2016,15.8,11.12,0.009,57.5,0.015214286,,100,0,0,0,100,0,2.3375,0,0,0,0,0.0013,19.60416667,1.387142857,69006.66667,4882.742857,14.13276691,29.40625,2.4275,0.748,Inf,Inf,Inf,Inf,49.50580335,0
118,8/2/2016,2016,Metab2_2016_C8,2016_C8,C8,NA,A,11.01066367,0,0,0.11,0.36,0.31,472.0588235,1127.33564,1599.394464,0.035221548,5.98,45409.545,NA,NA,NA,NA,NA,7/30/2016,17,11.12,0.008,72.5,0.021071429,,96.72,3.28,9.84,3.28,86.89,0,5.783856,0.196144,0,0,0,0.0025,28.16666667,2.845,69102.22222,6979.733333,9.900410076,17.78947368,2.096315789,1.9136,Inf,Inf,Inf,Inf,161.5483047,0
119,8/2/2016,2016,Metab2_2016_C9,2016_C9,C9,NA,D,20.65647205,0,4.84,0.11,5.2,0.02,8724.724265,3983.564014,12708.28828,0.279859406,28.35,45409.545,NA,NA,NA,NA,NA,7/30/2016,25.2,21.14,0.035,389.9285714,0.027,,97.84,2.16,22.5,0.47,75.34,1.69,27.73764,0.61236,0.22,2376,0.32,0.0021,51.66916667,5.610714286,372018,40397.14286,9.209017611,26.95782609,3.415217391,11.34,156.5732323,17.0021645,84.24320652,10.67255435,1379.983057,81.16513972
120,8/2/2016,2016,Metab2_2016_C28,2016_C28,C28,NA,B,13.83630935,0,3.23,0.11,3.59,0.03,NA,1112.802768,NA,NA,31.25,NA,NA,NA,NA,NA,NA,8/1/2016,26.9,13.97,0.012,100.9285714,0.020142857,,100,0,2.42,0,97.58,0,31.25,0,0.25,1000,0.39,0.002,68.215,8.452142857,272860,33808.57143,8.070734387,38.98,5.634761905,10,272.86,33.80857143,99.94871795,14.44810745,NA,NA
121,7/11/2017,2017,Metab1_2017_C1,2017_C1,C1,R1,D,16.78247155,0,0,0.11,0.36,0.31,5287.224265,2176.686851,7463.911116,0.04504422,40.8,165701.86,7/12/2017,222.7489724,84.72670637,56.628,28.92,7/13/2017,21.4,16.9,0.00043,27.92857143,0.159285714,,100,0,8.78,0,91.22,0,40.8,0,0.21,2016,0.29,0.0023,29.39666667,2.87,282208,27552,10.242741,44.095,5.0225,16.32,139.984127,13.66666667,152.0517241,17.31896552,728.702514,53.31969615
122,7/11/2017,2017,Metab1_2017_C10,2017_C10,C10,R1,E,19.84345372,0,0,0.11,0.36,0.31,3952.205882,1618.728374,5570.934256,0.043237145,30.208,128846.0254,7/12/2017,504.6134419,54.83209663,34.35133333,25.208,7/13/2017,23.3,13.7,0.00035,61.42857143,0.433357143,,95.36,4.64,17.96,4.64,77.4,0,28.8063488,1.4016512,0.11,1126.4,0.26,0.0013,40.2725,3.796428571,412390.4,38875.42857,10.60799624,32.65337838,3.591216216,12.0832,366.1136364,34.51298701,125.5899168,13.81237006,525.163672,15.21640743
123,7/11/2017,2017,Metab1_2017_C11,2017_C11,C11,R1,C,13.5308743,3.57,0,3.68,0.36,10.22,28028.49265,9186.851211,37215.34386,0.217013619,92.736,171488.5175,7/12/2017,1403.497752,190.6498013,48.128,62.9,7/13/2017,18.9,8.6,0.00032,8.857142857,0.068071429,,0,100,0,99.28,0,0.72,0,92.736,0.59,13027.2,0.35,0.0051,65.575,8.565,1447896,189115.2,7.656158786,15.42941176,2.351176471,37.0944,111.1440678,14.51694915,44.08403361,6.717647059,4860.837517,334.8387781
124,7/11/2017,2017,Metab1_2017_C12,2017_C12,C12,R1,A,8.448676735,3.57,0,3.68,0.36,10.22,15513.23529,38730.10381,54243.3391,0.322000363,53.2,168457.385,7/12/2017,832.5113827,121.4691595,302.036,50.12,7/13/2017,14.9,19.9,9.00E-05,15.42857143,0.414428571,,0,100,0,93.58,0,6.42,0,53.2,0.56,10035.2,0.78,0.0022,36.33166667,4.935714286,813829.3333,110560,7.360974433,17.23241107,2.731225296,17.024,81.09747024,11.01721939,22.0928347,3.501570893,7369.043269,668.8659824
125,7/11/2017,2017,Metab1_2017_C13,2017_C13,C13,R1,E,19.84345372,3.57,0,3.68,0.36,10.22,17821.69118,6361.375433,24183.06661,0.408188416,55.358,59244.8625,7/12/2017,1044.106213,100.7061384,85.30466667,91.872,7/13/2017,23.3,13.7,0.00066,38.57142857,0.141857143,,2.32,97.68,0,95.13,2.32,2.09,1.2843056,54.0736944,0.85,12104,0.79,0.0033,75.05166667,8.176428571,1068735.733,116432.3429,9.179027984,17.94063745,2.280278884,22.1432,88.29607843,9.619327731,22.70966766,2.886428968,2634.599944,273.8860778
126,7/11/2017,2017,Metab1_2017_C14,2017_C14,C14,R1,C,13.5308743,3.57,3.58,3.68,3.94,0.93,13028.49265,4366.349481,17394.84213,0.109057364,73,159501.7663,7/12/2017,1850.988912,120.4659511,73.322,33.634,7/13/2017,18.9,13.7,0.00028,14.57142857,0.127,,0,100,0,86.3,0,13.42,0,73,0.54,10800,0.92,0.0018,36.6375,4.723571429,732750,94471.42857,7.756313322,16.59056604,2.495471698,29.2,67.84722222,8.747354497,18.03322395,2.712469237,2242.668831,256.3825247
127,7/11/2017,2017,Metab1_2017_C15,2017_C15,C15,R1,C,13.5308743,0,0,0.11,0.36,0.31,2242.647059,1034.818339,3277.465398,0.021605725,16.25,151694.3038,7/12/2017,277.6301975,76.90366593,13.6136,14.1825,7/13/2017,18.2,13.7,0.00064,17.5,0.067,,91.04,8.96,8.21,8.96,82.84,0,14.794,1.456,0.38,7600,5.48,2.00E-04,11.11166667,1.147857143,222233.3333,22957.14286,9.680356772,33.335,4.0175,6.5,29.24122807,3.020676692,6.083029197,0.733120438,338.5686576,112.0837124
128,7/11/2017,2017,Metab1_2017_C16,2017_C16,C16,R2,E,19.84345372,3.57,0,3.68,0.36,10.22,31362.59191,19625.86505,50988.45696,0.349787479,84.987,145769.8175,7/12/2017,1722.919052,232.5636375,121.2026667,54.201,7/15/2017,18.5,11.2,2.00E-04,2.714285714,0.033428571,,2.83,97.17,1.01,95.56,1.82,1.62,2.4051321,82.5818679,0.43,1831.8,0.49,0.0027,56.0175,7.194285714,477269.1,61295.31429,7.786388006,19.0427762,2.85325779,33.9948,260.5465116,33.46179402,38.86280858,5.822975082,6548.409471,195.6980988
129,7/11/2017,2017,Metab1_2017_C17,2017_C17,C17,R2,B,10.97429799,3.57,0,3.68,0.36,10.22,2085.294118,1550.865052,3636.15917,0.025474238,10.7055,142738.685,7/12/2017,114.2001163,75.39949833,7.40025,7.772,7/15/2017,12.1,19.6,9.00E-05,1.357142857,0.035928571,,0,100,0,100,0,0,0,10.7055,0.31,1160.64,0.37,0.0026,25.79583333,1.758571429,120724.5,8230.114286,14.66862984,19.71656051,1.568152866,3.42576,104.015457,7.091013825,53.28800138,4.23825099,247.8867631,34.95787333
130,7/11/2017,2017,Metab1_2017_C18,2017_C18,C18,R2,E,19.84345372,3.57,3.58,3.68,3.94,0.93,13212.26207,8924.091696,22136.35376,0.154585692,56.58,143197.9475,7/12/2017,314.311516,NA,80.064,NA,7/15/2017,18.7,11.2,9.00E-05,4.785714286,0.126857143,,4.65,95.35,1.59,94.42,3.05,0.93,2.63097,53.94903,0.64,3532.8,0.33,0.006,63.11083333,8.051428571,348371.8,44443.88571,7.838464041,17.77769953,2.64600939,22.632,98.61067708,12.58035714,53.87181676,8.018210272,2824.067782,224.482322
131,7/11/2017,2017,Metab1_2017_C19,2017_C19,C19,R2,B,10.97429799,0,0,0.11,0.36,0.31,1750,334.2560554,2084.256055,0.015774315,5.4145,132129.735,7/12/2017,177.7433623,43.20863736,2.22,5.092,7/15/2017,12.1,11.2,0.00347,6.142857143,0.005428571,,100,0,0,0,100,0,5.4145,0,0.14,407.68,0.35,0.0013,14.99666667,1.228571429,43670.29333,3577.6,12.20658915,16.06785714,1.535714286,1.73264,107.1190476,8.775510204,45.90816327,4.387755102,170.7484401,19.45738038
132,7/11/2017,2017,Metab1_2017_C2,2017_C2,C2,R1,D,16.78247155,3.57,3.58,3.68,3.94,0.93,22300.09191,13290.44118,35590.53309,0.227391413,105.7755,156516.61,7/12/2017,1000.093402,211.140487,65.861,69.66,7/13/2017,21.8,11.1,0.00017,2.285714286,0.031428571,,3.87,96.13,0,87.04,3.87,5.42,4.09351185,101.6819882,0.26,9422.4,0.33,0.0024,52.20166667,7.567142857,1891788.4,274233.2571,6.89846454,21.23457627,3.591186441,42.3102,200.775641,29.1043956,64.34720082,10.88238315,5159.196352,177.2651947
133,7/11/2017,2017,Metab1_2017_C20,2017_C20,C20,R2,B,10.97429799,3.57,3.58,3.68,3.94,0.93,7675,NA,NA,NA,108.1765,146917.9738,7/12/2017,456.1703482,215.7642877,25.944,48.216,7/15/2017,12,8.7,0.00036,1.714285714,0.011642857,,3,97,3,94.59,0,2.4,3.245295,104.931205,0.95,2933.6,0.3,0.01,203.8216667,25.80642857,786751.6333,99612.81429,7.898096635,17.99749816,2.658498896,34.61648,268.1864035,33.95582707,59.99166053,8.861662987,NA,NA
134,7/11/2017,2017,Metab1_2017_C21,2017_C21,C21,R2,A,8.448676735,0,0,0.11,0.36,0.31,NA,1294.598962,NA,NA,8.514,136584.5733,7/12/2017,165.3816751,46.87718536,1.7,3.64,7/15/2017,10,13.8,0.00012,2.142857143,0.057214286,,0,100,0,100,0,0,0,8.514,0.18,285.12,0.58,0.001,15.01166667,0.804285714,23778.48,1273.988571,18.66459443,19.36989247,1.210752688,2.72448,83.39814815,4.468253968,33.39636633,2.087504635,NA,NA
135,7/11/2017,2017,Metab1_2017_C22,2017_C22,C22,R2,A,8.448676735,3.57,3.58,3.68,3.94,0.93,4382.352941,1002.768166,5385.121107,0.035419398,17.043,152038.7513,7/12/2017,565.1382215,159.4875366,38.688,36.259,7/15/2017,13,13.8,0.00028,0.357142857,0.003285714,,0,100,0,77.14,0,22.86,0,17.043,0.75,1656,0.63,0.0037,28.95583333,3.844285714,79918.1,10610.22857,7.532175152,21.31717791,3.301840491,5.45376,48.25972222,6.407142857,33.83679034,5.241016652,714.949002,111.5862433
136,7/11/2017,2017,Metab1_2017_C23,2017_C23,C23,R2,C,13.5308743,0,0,0.11,0.36,0.31,2154.411765,1297.577855,3451.989619,0.016923065,6.041666667,203981.3488,7/12/2017,203.030207,69.88853358,18.3365,10.83,7/15/2017,13.8,19.6,2.00E-05,12.21428571,1.790285714,AFDM too low for mass-specific calculation,94.12,5.88,56.86,5.88,37.25,0,5.686416667,0.35525,0.31,1240,0.47,0.002,20.83166667,2.041428571,104158.3333,10207.14286,10.20445533,54.34347826,6.213043478,1.933333333,83.99865591,8.23156682,115.6244218,13.21924144,338.282594,41.09577209
137,7/11/2017,2017,Metab1_2017_C24,2017_C24,C24,R2,E,19.84345372,0,0,0.11,0.36,0.31,5838.694853,4080.882353,9919.577206,0.173904404,17.7265,57040.4025,7/12/2017,1372.650488,75.79236041,82.06,42.822,7/15/2017,18.4,17,0.00183,76.35714286,0.101928571,,100,0,0.8,0,99.2,0,17.7265,0,0.64,3097.6,0.63,0.0031,45.52166667,4.913571429,220324.8667,23781.68571,9.264476426,35.47142857,4.466883117,7.0906,71.12760417,7.677455357,56.30385488,7.090290662,1070.711042,139.4617086
138,7/11/2017,2017,Metab1_2017_C25,2017_C25,C25,R2,D,16.78247155,3.57,3.58,3.68,3.94,0.93,26155.79044,18500.21626,44656.0067,0.596894849,17.73333333,74813.85833,7/12/2017,1643.412516,157.212963,113.568,65.412,7/15/2017,14.9,17,0.00041,6.5,0.038642857,,1,99,0.5,96.85,0.5,2.16,0.177333333,17.556,1.07,7490,0.48,0.007,80.83083333,9.951428571,565815.8333,69660,8.122535649,17.07693662,2.452816901,7.093333333,75.54283489,9.300400534,35.57695129,5.110035211,5497.791408,591.1349073
139,7/11/2017,2017,Metab1_2017_C26,2017_C26,C26,R2,D,16.78247155,0,0,0.11,0.36,0.31,8538.602941,3295.373028,11833.97597,0.168579305,29.25,70198.2725,7/12/2017,563.8376991,277.6651924,40.906,27.839,7/15/2017,14.7,17,0.00019,20.42857143,0.259785714,,100,0,0.83,0,99.17,0,29.25,0,0.66,5940,1,0.0021,47.08666667,5.161428571,423780,46452.85714,9.122797306,30.87650273,3.94863388,11.7,71.34343434,7.82034632,30.87650273,3.94863388,1297.187208,165.8733712
140,7/11/2017,2017,Metab1_2017_C27,2017_C27,C27,R2,D,16.78247155,3.57,0,3.68,0.36,10.22,14466.91176,6591.695502,21058.60727,0.325199259,55.68,64756.0125,7/12/2017,1447.699045,235.1764698,121.055,68.804,7/15/2017,14.8,8.7,-0.00093,2.714285714,-0.007214286,AFDM negative,0,100,0,95.87,0,4.13,0,55.68,0.83,6374.4,0.49,0.0053,161.1608333,20.81285714,1237715.2,159842.7429,7.743330588,14.89930663,2.244838213,22.272,194.1696787,25.0757315,30.40674822,4.581302475,2719.580034,108.454664
141,7/11/2017,2017,Metab1_2017_C28,2017_C28,C28,R2,A,8.448676735,3.57,0,3.68,0.36,10.22,12963.16964,1841.387632,14804.55727,0.191422234,26.063,77339.8,7/12/2017,601.0888694,317.1842349,29.72925,40.86,7/15/2017,9.3,13.8,0.00014,2.428571429,0.041214286,,4,96,0,96,4,0,1.04252,25.02048,0.61,3269.6,0.89,0.0021,31.1,3.5,166696,18760,8.885714286,17.94230769,2.355769231,10.4252,50.98360656,5.737704918,20.15989628,2.64693172,1666.107731,290.3787761
142,7/11/2017,2017,Metab1_2017_C29,2017_C29,C29,R2,C,13.5308743,3.57,0,3.68,0.36,10.22,23782.16912,10656.35813,34438.52725,0.624888222,83.108,55111.5,7/12/2017,1889.943038,163.2199308,62.9,76.964,7/15/2017,13.9,13.8,0.00051,2.214285714,0.010428571,,1.42,98.58,1.42,98.58,0,0,1.1801336,81.9278664,0.61,6417.2,0.29,0.0066,69.99083333,9.155714286,736303.5667,96318.11429,7.644497321,20.68694581,3.157142857,33.2432,114.739071,15.00936768,71.33429591,10.88669951,4505.00874,300.1464709
143,7/11/2017,2017,Metab1_2017_C3,2017_C3,C3,R1,B,10.97429799,3.57,0,3.68,0.36,10.22,1889.705882,2466.435986,4356.141869,0.029827308,13.41666667,146045.425,7/12/2017,221.7679084,59.76499414,4.08,12.9285,7/13/2017,16,8.6,-2.00E-05,6.357142857,-0.946357143,AFDM negative,13.59,86.41,0,59.22,13.59,27.18,1.823325,11.59334167,0.03,309.12,0.26,4.00E-04,14.41833333,1.236428571,185708.1333,15925.2,11.66127479,29.32542373,2.933898305,4.293333333,600.7638889,51.51785714,112.7900913,11.28422425,373.5562317,7.251004844
144,7/11/2017,2017,Metab1_2017_C30,2017_C30,C30,R2,C,13.5308743,3.57,3.58,3.68,3.94,0.93,22056.52574,11759.29931,33815.82504,0.414821154,120.428,81519.04667,7/12/2017,1475.259111,NA,65.11,NA,7/15/2017,13.2,16.4,0.00094,2.785714286,0.007142857,,3.38,96.62,3.38,96.62,0,0,4.0704664,116.3575336,0.83,5112.8,0.39,0.0066,83.04166667,10.48142857,511536.6667,64565.6,7.922743174,16.36288998,2.40952381,48.1712,100.0502008,12.62822719,41.95612816,6.178266178,4268.196545,337.9885775
145,7/11/2017,2017,Metab1_2017_C4,2017_C4,C4,R1,A,8.448676735,0,0,0.11,0.36,0.31,775,321.6318785,1096.631879,0.008351914,2.709189189,131303.065,7/12/2017,324.1365118,31.4780466,1.78,7.392,7/13/2017,14.2,11.1,0.00025,5.857142857,0.072428571,,75,25,0,25,75,0,2.031891892,0.677297297,0.07,100.24,0.11,0.0019,18.36,1.465714286,26291.52,2098.902857,12.52631579,11.59578947,1.08,0.866940541,262.2857143,20.93877551,105.4162679,9.818181818,87.5462424,4.18105836
146,7/11/2017,2017,Metab1_2017_C5,2017_C5,C5,R1,B,10.97429799,3.57,3.58,3.68,3.94,0.93,2966.666667,2108.538899,5075.205566,0.030856606,32.007,164477.1178,7/12/2017,210.8819257,193.0122544,14.06533333,17.347,7/13/2017,16.4,16.9,6.00E-05,14.21428571,0.544071429,,0.7,99.3,0.7,94.16,0,5.14,0.224049,31.782951,0.2,2905.6,0.39,0.0015,21.82,2.401428571,396251.2,43609.94286,9.08625818,20.14153846,2.586153846,10.24224,136.375,15.00892857,51.64497041,6.631163708,558.5583709,37.2150729
147,7/11/2017,2017,Metab1_2017_C6,2017_C6,C6,R1,D,16.78247155,3.57,0,3.68,0.36,10.22,18489.58333,14458.26125,32947.84458,0.259262435,70.95,127082.9867,7/12/2017,1006.540994,131.90724,56.202,30.69,7/13/2017,21.8,11.1,7.00E-04,5.928571429,0.020571429,,2.78,97.22,2.22,86.11,0.56,11.11,1.97241,68.97759,0.26,5366.4,0.24,0.0033,66.18333333,8.856428571,1366024,182796.6857,7.472914482,17.11637931,2.672198276,28.38,254.5512821,34.06318681,71.31824713,11.13415948,4408.968503,129.4349976
148,7/11/2017,2017,Metab1_2017_C7,2017_C7,C7,R1,B,10.97429799,0,0,0.11,0.36,0.31,1166.666667,62.87344863,1229.540115,0.009700024,2.454146341,126756.4,7/12/2017,202.3950046,30.99012683,2.67,13.992,7/13/2017,11.6,8.6,0.00044,9.857142857,0.068571429,,0,100,0,7.14,0,0,0,2.454146341,0.02,74.88,0.09,6.00E-04,10.54,0.741428571,39461.76,2775.908571,14.21579961,21.08,1.73,0.785326829,527,37.07142857,234.2222222,19.22222222,86.49109784,2.333093198
149,7/11/2017,2017,Metab1_2017_C8,2017_C8,C8,R1,A,8.448676735,3.57,3.58,3.68,3.94,0.93,7051.930147,953.7197232,8005.64987,0.062986599,40.964,127100.8438,7/12/2017,665.2635474,256.0547891,25.34,33.495,7/13/2017,13.8,19.9,1.00E-04,8,0.200785714,,0,100,0,100,0,0,0,40.964,0.38,7022.4,0.34,0.0035,27.6875,3.558571429,511665,65762.4,7.780509835,17.21502591,2.58134715,16.3856,72.86184211,9.364661654,50.63242914,7.592197501,1028.936412,109.874382
150,7/11/2017,2017,Metab1_2017_C9,2017_C9,C9,R1,E,19.84345372,3.57,3.58,3.68,3.94,0.93,10181.52574,55335.20761,65516.73335,0.513522177,134,127583.065,7/12/2017,1105.8182,112.2693172,88.2885,100.496,7/13/2017,23.2,19.9,0.00014,18.5,0.319571429,,2.31,97.69,0,96.66,2.31,0.51,3.0954,130.9046,0.42,6720,0.32,0.0041,84.99083333,11.16071429,1359853.333,178571.4286,7.615178667,17.28627119,2.648305085,53.6,202.359127,26.57312925,54.01959746,8.27595339,8603.440079,323.764657
151,7/22/2017,2017,Metab2_2017_C1,2017_C1,C1,R1,D,16.78838488,0,0,0.11,0.36,0.31,2980.238971,1583.044983,4563.283953,0.982556693,59.511,4644.295833,7/23/2017,400.1981613,196.5107167,37.572,31.565,7/21/2017,17.2,16.4,8.00E-05,11.28571429,0.331,,100,0,8.78,0,91.22,0,59.511,0,0.08,1593.6,0.36,7.00E-04,29.38166667,2.947857143,585282.8,58721.31429,9.96712705,35.01986492,4.099125944,23.8044,367.2708333,36.84821429,97.27740255,11.38646095,457.8334289,12.42484711
152,7/22/2017,2017,Metab2_2017_C10,2017_C10,C10,R1,E,19.14860883,0,0,0.11,0.36,0.31,2270.220588,836.9377163,3107.158304,0.605081502,20.4125,5135.107083,7/23/2017,713.8222837,74.15225303,38.257,36.252,7/21/2017,19.1,13.6,0.00034,14.92857143,0.1065,,95.36,4.64,17.96,4.64,77.4,0,19.46536,0.94714,0.11,1012,0.27,0.0013,20.33416667,2.277142857,187074.3333,20949.71429,8.929684233,31.91341878,4.169500392,8.165,184.8560606,20.7012987,118.1978473,15.44259405,347.9583626,16.80852818
153,7/22/2017,2017,Metab2_2017_C11,2017_C11,C11,R1,C,13.29214803,3.57,0,3.68,0.36,10.22,9643.841912,4035.467128,13679.30904,2.663879997,61.832,5135.107083,7/23/2017,1385.102831,233.5001281,50.3125,67.6875,7/21/2017,13.4,8.7,0.00019,3.785714286,0.049428571,,0,100,0,99.28,0,0.72,0,61.832,0.56,5868.8,0.31,0.0055,78.51083333,12.09928571,822793.5333,126800.5143,6.488881673,14.68887884,2.640982865,24.7328,140.1979167,21.60586735,47.38348013,8.519299566,2108.115039,97.5714145
154,7/22/2017,2017,Metab2_2017_C12,2017_C12,C12,R1,A,7.908630142,3.57,0,3.68,0.36,10.22,3812.040441,827.2058824,4639.246324,0.886587836,44.33333333,5232.697917,7/23/2017,912.8479762,181.120262,40.567,34.44216667,7/21/2017,9.1,17.7,0.00016,4.857142857,0.074928571,,0,100,0,93.58,0,6.42,0,44.33333333,0.52,5824,0.31,0.0052,49.95833333,6.936428571,559533.3333,77688,7.202313528,16.47566439,2.668810289,17.73333333,96.07371795,13.33928571,53.14730447,8.60906545,644.1327923,48.2884021
155,7/22/2017,2017,Metab2_2017_C13,2017_C13,C13,R1,E,19.14860883,3.57,0,3.68,0.36,10.22,5769.761029,3879.757785,9649.518815,1.867636754,56.502,5166.7,7/23/2017,1785.159028,184.6972038,134.3976667,74.90925,7/21/2017,17.8,13.6,0.04172,8.928571429,5.00E-04,,2.32,97.68,0,95.13,2.32,2.09,1.3108464,55.1911536,0.53,7292.8,0.31,0.0053,52.07666667,6.857142857,716574.9333,94354.28571,7.594513889,19.40323532,2.980718477,22.6008,98.25786164,12.93800539,62.59108168,9.615220895,1270.590713,98.20607384
156,7/22/2017,2017,Metab2_2017_C14,2017_C14,C14,R1,C,13.29214803,3.57,3.58,3.68,3.94,0.93,6284.466912,1832.82872,8117.295631,1.403452912,43.488,5783.803333,7/23/2017,770.2031803,60.20353409,33.63,29.972,7/21/2017,13,13.6,7.00E-05,6.642857143,0.239928571,,0,100,0,86.3,0,13.42,0,43.488,0.8,4608,0.39,0.0063,73.05333333,10.53714286,420787.2,60693.94286,6.932935647,14.47245472,2.435408515,17.3952,91.31666667,13.17142857,37.10885827,6.244637219,1170.83095,88.89172073
157,7/22/2017,2017,Metab2_2017_C15,2017_C15,C15,R1,C,13.29214803,0,0,0.11,0.36,0.31,1847.426471,951.73454,2799.161011,0.466710019,14.874,5997.645,7/23/2017,1040.273405,98.93403416,21.03655556,10.50077778,7/21/2017,13.4,17.7,0.00354,5.857142857,0.004,,91.04,8.96,8.21,8.96,82.84,0,13.5412896,1.3327104,0.1,804,0.28,0.0011,28.9075,2.982857143,232416.3,23982.17143,9.691211686,34.01549323,4.094920573,5.9496,289.075,29.82857143,121.4839044,14.62471633,288.834988,9.683165305
158,7/22/2017,2017,Metab2_2017_C16,2017_C16,C16,R2,E,19.14860883,3.57,0,3.68,0.36,10.22,14777.11397,1612.240484,16389.35446,0.52897918,75.402,30982.98583,7/23/2017,1164.451338,424.9255196,89.8125,120.959,7/21/2017,17.6,10.9,0.00196,6.571428571,0.008214286,,2.83,97.17,1.01,95.56,1.82,1.62,2.1338766,73.2681234,1.82,7753.2,0.29,0.0194,113.8633333,15.16285714,970115.6,129187.5429,7.509358709,15.06161952,2.339998677,30.1608,125.1245421,16.66248038,51.93661905,8.068960956,2182.523847,130.9843311
159,7/22/2017,2017,Metab2_2017_C17,2017_C17,C17,R2,B,10.65418589,3.57,0,3.68,0.36,10.22,2957.261029,1122.404844,4079.665874,0.134630414,12.402,30302.70625,7/23/2017,560.0084974,51.57062876,12.667875,12.1025,7/21/2017,11.2,17.7,0.00042,4,0.023428571,,0,100,0,100,0,0,0,12.402,0.15,702,0.23,0.002,24.745,2.767142857,115806.6,12950.22857,8.942436758,82.57508343,10.7730812,4.9608,164.9666667,18.44761905,359.0221019,46.83948348,456.2141153,24.73024373
160,7/22/2017,2017,Metab2_2017_C18,2017_C18,C18,R2,E,19.14860883,3.57,3.58,3.68,3.94,0.93,9852.941176,6873.918685,16726.85986,0.588089811,49.68,28442.69625,7/23/2017,894.0405368,102.4622107,96.638,68.8,7/21/2017,17.4,10.9,0.00036,32.57142857,0.218857143,,4.65,95.35,1.59,94.42,3.05,0.93,2.31012,47.36988,0.91,5023.2,0.42,0.0067,77.20916667,10.14428571,426194.6,55996.45714,7.611099376,16.52799829,2.533492695,19.872,84.8452381,11.14756672,39.35237687,6.032125464,2197.693005,197.1455351
161,7/22/2017,2017,Metab2_2017_C19,2017_C19,C19,R2,B,10.65418589,0,0,0.11,0.36,0.31,1042.647059,354.880187,1397.527246,0.050637243,5.0505,27598.80208,7/23/2017,311.674823,41.18515066,3.141818182,5.070333333,7/21/2017,11.3,10.9,0.00038,4.214285714,0.033785714,,100,0,0,0,100,0,5.0505,0,0.05,145.6,0.26,6.00E-04,20.89833333,1.797142857,60855.94667,5233.28,11.62864335,26.75842936,2.684592403,1.61616,417.9666667,35.94285714,102.917036,10.3253554,120.1797324,3.343633254
162,7/22/2017,2017,Metab2_2017_C2,2017_C2,C2,R1,D,16.78838488,3.57,3.58,3.68,3.94,0.93,6270.680147,4200.908304,10471.58845,2.24500926,76.804,4664.385417,7/23/2017,631.5092717,112.5634354,105.4166667,122.474,7/21/2017,17.5,10.9,0.00023,10.07142857,0.108285714,,3.87,96.13,0,87.04,3.87,5.42,2.9723148,73.8316852,0.46,10046.4,0.45,0.0032,94.8925,12.87571429,2072452.2,281205.6,7.369882392,12.73183658,2.015474407,30.7216,206.2880435,27.99068323,28.29297018,4.478832015,1420.862355,50.76197474
163,7/22/2017,2017,Metab2_2017_C20,2017_C20,C20,R2,B,10.65418589,3.57,3.58,3.68,3.94,0.93,2644.761029,1070.50173,3715.26276,0.139446308,11.58,26642.9625,7/23/2017,192.921146,46.03326364,9.019,7.4016,7/21/2017,11.3,13.6,0.00089,4.857142857,0.013285714,,3,97,3,94.59,0,2.4,0.3474,11.2326,0.14,540.4,0.3,0.0015,27.56333333,2.998571429,106394.4667,11574.48571,9.192154994,21.98909719,2.79085228,4.632,196.8809524,21.41836735,73.29699065,9.302840934,404.1775581,18.87060538
164,7/22/2017,2017,Metab2_2017_C21,2017_C21,C21,R2,A,7.908630142,0,0,0.11,0.36,0.31,282.3529412,295.1015805,577.4545217,0.04791619,4.851,12051.34458,7/23/2017,281.8465592,48.74386761,2.702272727,2.29,7/21/2017,9.2,8.7,7.00E-05,2.785714286,0.118571429,,0,100,0,100,0,0,0,4.851,0.13,205.92,0.52,8.00E-04,19.25416667,1.566428571,30498.6,2481.222857,12.29176167,15.46208927,1.467576792,1.55232,148.1089744,12.04945055,29.73478706,2.822263061,46.97898783,3.898848967
165,7/22/2017,2017,Metab2_2017_C22,2017_C22,C22,R2,A,7.908630142,3.57,3.58,3.68,3.94,0.93,2520.680147,846.6695502,3367.349697,0.190846454,11.937,17644.2875,7/23/2017,349.9982856,NA,13.14666667,NA,7/21/2017,9.3,13.6,0.00038,3.571428571,0.023142857,,0,100,0,77.14,0,22.86,0,11.937,0.27,745.2,0.32,0.0026,45.8225,5.205714286,126470.1,14367.77143,8.802346323,23.4286323,3.105240733,4.7748,169.712963,19.28042328,73.21447593,9.70387729,382.5513759,19.84144074
166,7/22/2017,2017,Metab2_2017_C23,2017_C23,C23,R2,C,13.29214803,0,0,0.11,0.36,0.31,2922.794118,875.8650519,3798.65917,0.200833865,12.79166667,18914.43542,7/23/2017,269.2026055,69.87912351,17.73333333,16.109,7/21/2017,13.8,17.7,9.00E-05,3.928571429,0.1025,,94.12,5.88,56.86,5.88,37.25,0,12.03951667,0.75215,0.17,850,0.32,0.0017,57.2675,5.685714286,286337.5,28428.57143,10.07217337,22.67944952,2.626976007,5.116666667,336.8676471,33.44537815,70.87327976,8.209300023,377.1439421,11.27641435
167,7/22/2017,2017,Metab2_2017_C24,2017_C24,C24,R2,E,19.14860883,0,0,0.11,0.36,0.31,6201.746324,1900.951557,8102.697881,0.52788333,19.481,15349.41042,7/23/2017,703.0443775,67.31231247,22.2656,29.8,7/21/2017,18.2,16.4,1.00E-04,18.07142857,0.458,,100,0,0.8,0,99.2,0,19.481,0,0.22,1064.8,0.25,0.0028,54.73333333,5.623571429,264909.3333,27218.08571,9.732842203,23.46049436,2.812187455,7.7924,248.7878788,25.56168831,93.84197743,11.24874982,832.5109676,32.56870037
168,7/22/2017,2017,Metab2_2017_C25,2017_C25,C25,R2,D,16.78838488,3.57,3.58,3.68,3.94,0.93,8249.080882,3269.896194,11518.97708,0.870599528,20.41666667,13231.08583,7/23/2017,2276.096043,85.36482655,85.129,109.35,7/21/2017,16,16.4,0.00034,3.785714286,0.027285714,,1,99,0.5,96.85,0.5,2.16,0.204166667,20.2125,0.91,6370,0.36,0.0079,112.82,15.17142857,789740,106200,7.436346516,14.80512663,2.322733039,8.166666667,123.978022,16.67189953,41.12535176,6.452036219,1549.010263,92.91144424
169,7/22/2017,2017,Metab2_2017_C26,2017_C26,C26,R2,D,16.78838488,0,0,0.11,0.36,0.31,6148.897059,1775.453012,7924.350071,0.717536594,66.375,11043.82708,7/23/2017,741.4304696,103.2923136,33.33,27.25233333,7/21/2017,16.6,16.4,9.00E-05,48.57142857,1.288857143,AFDM too low for mass-specific calculation,100,0,0.83,0,99.17,0,66.375,0,0.12,1080,0.27,0.0014,32.64666667,2.856428571,293820,25707.85714,11.42919063,30.72627451,3.136470588,26.55,272.0555556,23.80357143,113.8010167,11.61655773,693.3430657,29.12769068
170,7/22/2017,2017,Metab2_2017_C27,2017_C27,C27,R2,D,16.78838488,3.57,0,3.68,0.36,10.22,7309.283088,3860.294118,11169.57721,1.12889722,83.52,9894.2375,7/23/2017,1596.422847,222.886658,113.772,135.45,7/21/2017,16.4,8.7,5.00E-05,3.714285714,0.173857143,,0,100,0,95.87,0,4.13,0,83.52,0.75,5760,0.25,0.0093,64.50833333,8.507142857,495424,65334.85714,7.582843549,16.45166089,2.531188235,33.408,86.01111111,11.34285714,65.80664357,10.12475294,1473.006417,129.8620267
171,7/22/2017,2017,Metab2_2017_C28,2017_C28,C28,R2,A,7.908630142,3.57,0,3.68,0.36,10.22,4140.625,1884.731834,6025.356834,0.638133847,31.892,9442.152083,7/23/2017,912.2486474,145.126975,31.1328,30.672,7/21/2017,9.1,13.6,7.00E-05,3.428571429,0.127214286,,4,96,0,96,4,0,1.27568,30.61632,0.58,3108.8,0.27,0.0068,77.34416667,9.174285714,414564.7333,49174.17143,8.430538254,16.22377989,2.24514054,12.7568,133.3520115,15.81773399,60.08807367,8.315335333,714.7060665,45.18384662
172,7/22/2017,2017,Metab2_2017_C29,2017_C29,C29,R2,C,13.29214803,3.57,0,3.68,0.36,10.22,8584.558824,3720.804498,12305.36332,1.400979498,108.356,8783.4,7/23/2017,1659.768464,333.8254492,65.702,100.1266667,7/21/2017,14,13.6,0.00014,3.642857143,0.063142857,,1.42,98.58,1.42,98.58,0,0,1.5386552,106.8173448,0.41,4313.2,0.32,0.0041,63.89916667,8.275714286,672219.2333,87060.51429,7.721287186,15.70582934,2.373110483,43.3424,155.851626,20.18466899,49.08071669,7.415970259,1593.693257,78.95563002
173,7/22/2017,2017,Metab2_2017_C3,2017_C3,C3,R1,B,10.65418589,3.57,0,3.68,0.36,10.22,1562.5,905.0605536,2467.560554,0.504200961,6.321428571,4894.002083,7/23/2017,592.7295764,56.01930455,5.091111111,5.7304,7/21/2017,12.8,8.7,0.00027,3.571428571,0.032,,13.59,86.41,0,59.22,13.59,27.18,0.859082143,5.462346429,0.11,389.4,0.31,0.0011,27.83916667,3.432857143,98550.65,12152.31429,8.10961992,32.31476108,4.648868253,2.528571429,253.0833333,31.20779221,104.2411648,14.9963492,304.275734,9.749992309
174,7/22/2017,2017,Metab2_2017_C30,2017_C30,C30,R2,C,13.29214803,3.57,3.58,3.68,3.94,0.93,13299.63235,5735.294118,19034.92647,2.239604898,110.7,8499.234167,7/23/2017,2013.803067,48.0237934,90.77666667,51.302,7/21/2017,13.9,13.6,0.00018,3.642857143,0.048428571,,3.38,96.62,3.38,96.62,0,0,3.74166,106.95834,2.52,8265.6,0.38,0.0204,179.8741667,25.12,1179974.533,164787.2,7.160595807,10.926629,1.780261613,44.28,142.7572751,19.93650794,28.75428685,4.684898981,2658.288079,133.3376982
175,7/22/2017,2017,Metab2_2017_C4,2017_C4,C4,R1,A,7.908630142,0,0,0.11,0.36,0.31,95.58823529,112.4626122,208.0508475,0.043558802,7.750833333,4776.321667,7/23/2017,196.9720418,30.96700969,3.13,2.83,7/21/2017,10.5,10.9,0.00029,5.071428571,0.054428571,,75,25,0,25,75,0,5.813125,1.937708333,0.09,377.28,0.11,0.0026,22.17583333,1.817857143,92961.09333,7620.457143,12.19888671,12.79251995,1.223440054,2.480266667,246.3981481,20.1984127,116.2956359,11.12218231,17.05490447,0.844368552
176,7/22/2017,2017,Metab2_2017_C5,2017_C5,C5,R1,B,10.65418589,3.57,3.58,3.68,3.94,0.93,1734.834559,908.3044983,2643.139057,0.547136764,6.399895833,4830.85625,7/23/2017,51.2262124,51.59304527,7.580545455,10.72888889,7/21/2017,12.5,16.4,0.00054,3.714285714,0.016571429,,0.7,99.3,0.7,94.16,0,5.14,0.044799271,6.355096563,0.1,524,0.3,0.001,23.02,2.815,120624.8,14750.6,8.177619893,39.66116296,5.658291457,2.559958333,230.2,28.15,132.2038765,18.86097152,323.2161792,11.48192466
177,7/22/2017,2017,Metab2_2017_C6,2017_C6,C6,R1,D,16.78838488,3.57,0,3.68,0.36,10.22,6741.727941,4911.33218,11653.06012,2.498305582,58.688,4664.385417,7/23/2017,2103.272966,177.8340086,66.45466667,82.28,7/21/2017,17.4,10.9,0.00019,4.571428571,0.058714286,,2.78,97.22,2.22,86.11,0.56,11.11,1.6315264,57.0564736,0.27,5659.2,0.33,0.0026,43.93666667,6.345,920912.5333,132991.2,6.924612556,18.52890529,3.121771218,23.4752,162.7283951,23.5,56.14819785,9.459912781,1682.846517,71.61049008
178,7/22/2017,2017,Metab2_2017_C7,2017_C7,C7,R1,B,10.65418589,0,0,0.11,0.36,0.31,611.7647059,411.0726644,1022.83737,0.216226478,5.658,4730.398333,7/23/2017,219.3550744,51.82694959,4.473,3.410909091,7/21/2017,12.8,8.7,0.00049,3.5,0.021857143,,0,100,0,7.14,0,0,0,5.658,0.08,419.84,0.15,0.0017,11.99583333,1.138571429,62954.13333,5975.222857,10.53586366,26.48086829,2.932303164,1.81056,149.9479167,14.23214286,176.5391219,19.54868776,97.08149267,6.821284303
179,7/22/2017,2017,Metab2_2017_C8,2017_C8,C8,R1,A,7.908630142,3.57,3.58,3.68,3.94,0.93,5123.106058,857.0703497,5980.176407,0.977211555,37.066,6119.633333,7/23/2017,731.9890141,112.8841425,36.788,45.8432,7/21/2017,10.7,17.7,0.00014,3.785714286,0.065285714,,0,100,0,100,0,0,0,37.066,0.23,4747.2,0.43,0.0016,24.64833333,3.159285714,508741.6,65207.65714,7.801869018,18.17500307,2.717832125,14.8264,107.1666667,13.73602484,42.26744901,6.320539825,766.5056147,55.80257923
180,7/22/2017,2017,Metab2_2017_C9,2017_C9,C9,R1,E,19.14860883,3.57,3.58,3.68,3.94,0.93,3821.231618,6319.204152,10140.43577,2.12306383,92.493,4776.321667,7/23/2017,1035.436216,7.458703252,115.3533333,93.59666667,7/21/2017,18.6,17.7,0.00021,6.714285714,0.077285714,,2.31,97.69,0,96.66,2.31,0.51,2.1365883,90.3564117,1.87,19298.4,0.37,0.0157,115.925,16.00857143,1196346,165208.4571,7.241433161,16.90710874,2.723902818,36.9972,61.99197861,8.560733384,45.69488849,7.361899509,1400.335478,163.5765787
181,7/27/2015,2015,Metab2_2015_C2,2015_C2,C2,NA,B,12.52434659,0,0,0.11,0.36,0.31,NA,NA,NA,NA,11.71,NA,7/28/2015,305.7302469,NA,3.4,NA,7/30/2015,16.7,15,0.009,49.71428571,0.013428571,,0,100,0,100,0,0,0,11.71,0.08,183.83,0.15,0.0016,17.61416667,1.277857143,39631.875,2875.178571,13.78414384,35.22833333,2.981666667,1.171084337,215.5898112,15.64042089,234.8555556,19.87777778,NA,NA
